"Latitude_decimal";"Longitude_decimal";"test_index";"MagnitudPresent";"MagnitudFuture";"Variation";"VariationPerc";"simbolo";"Protected";"ACCENUMB";"COLLSITE";"FUTURE_BIO1";"FUTURE_BIO12";"CURRENT_BIO1";"CURRENT_BIO12";"VeryHighValue"
34,8755;33,1615;590;36,9806888275025;41,9376669388505;4,95697811134798;13,4042341246534;"FALSE";"Yes";"GE_222542";"Ora";151,916666031;788;170,0516701;608;FALSE
34,87556;33,16167;91;29,5740887043365;28,8356587496236;-0,738429954712846;-2,49688151711187;"TRUE";"Yes";"GE_222324";"Nicosia District  Ora. Ora";151,916666031;788;170,0516701;608;TRUE
34,886389;32,859444;45;27,9397009872942;31,3368191729204;3,39711818562616;12,1587492549438;"FALSE";"Yes";"ID_6953331";"Pano Platres";133,999996185;814;153,8633347;648;FALSE
34,8925;33,1125;90;32,5935584555783;29,8688182766664;-2,72474017891184;-8,35975053974358;"TRUE";"Yes";"GE_222237";"Profitas Elias up the track up the village after water tank on the road to Farmaka";155,749998093;747;139,7399998;822;FALSE
34,9018;32,5427;82;35,3779860123271;36,4326486980487;1,05466268572161;2,98112697922975;"FALSE";"No";"0";"";180,458335876;489;168,2683372;509;FALSE
34,90528;33,09111;88;29,2206436064536;30,3531349869419;1,13249138048828;3,87565515578911;"FALSE";"Yes";"GE_222322";"Nicosia District  Palaichori. Palaichori";155,749998093;747;143,6399937;778;TRUE
34,9056;32,6178;83;31,0052584604349;31,5035480263484;0,498289565913513;1,60711308550893;"FALSE";"Yes";"GE_222239";"Pano Panagia";166,208324432;578;149,8350048;630;FALSE
34,91028;33,35861;594;56,1111249801296;41,0208238007029;-15,0903011794267;-26,8935994150368;"TRUE";"Yes";"GE_663334";"Larnaca District  Delikipos. Delikipos dum";197,000007629;474;182,4383354;523;FALSE
34,9194;33,1357;589;36,980831450767;48,7316732280547;11,7508417772877;31,7754937255311;"FALSE";"Yes";"GE_222543";"1 km before Farmakas";162,833328247;703;139,7399998;822;FALSE
34,96417;32,8175;86;29,221713260317;31,5682774610965;2,34656420077954;8,03020746893087;"FALSE";"Yes";"GE_222326";"Nicosia District  Prodromos. Prodromos";147,958335876;725;98,96666527;930;FALSE
34,9643;32,8174;586;42,649111912504;32,08394664456;-10,5651652679441;-24,7722984000671;"TRUE";"Yes";"GE_222545";"Prodromos on the road side to the Forestry Collage 150 m from the parking area";147,958335876;725;98,96666527;930;FALSE
34,99333;32,83306;587;41,6303132271621;43,4105012948138;1,78018806765165;4,27618225675551;"FALSE";"Yes";"GE_663332";"Nicosia District  Kalopanagiotis. Kalopanagiotis";147,958335876;725;129,0516663;800;FALSE
35,01306;33,08139;588;43,9175976429255;39,7736347766252;-4,14396286630027;-9,43576854998535;"TRUE";"Yes";"GE_663335";"Nicosia District  Adelfi forest. Road to Platanistassa, close to Gefyri Panagias";180,125007629;558;171,1800003;569;FALSE
35,01944;32,63111;84;29,103631348146;33,1347195916171;4,03108824347106;13,8508084961977;"FALSE";"Yes";"GE_222328";"Paphos District  Paphos forest. Stavros tis Psokas. Collected by the site of the road towards  Stavros tis Psokas, soon away from the station.";144,291667938;715;131,9683361;738;FALSE
35,15;25,95;397;53,3137238571247;36,0965140685109;-17,2172097886139;-32,2941421888935;"TRUE";"No";"0";"";175,874996185;716;156,3249969;774;FALSE
35,35;23,883333;375;30,6870588361559;30,5690788518172;-0,117979984338643;-0,384461687803189;"TRUE";"Yes";"ID_6954603";"SE slopes of the Omalos dolina, near Xyloskala.";139,666662216;857;127,0533371;864;FALSE
35,55;27,116667;40;30,2933222871381;32,8627776914689;2,56945540433077;8,48192014060372;"FALSE";"No";"0";"";188,583335876;678;178,7266731;669;FALSE
36,1;32,8167;85;30,4811257586095;31,6706543817869;1,18952862317742;3,90250882660208;"FALSE";"No";"0";"";193,374996185;689;192,1899986;699;FALSE
36,1;32,8333;87;31,3101280837484;27,6315183487105;-3,67860973503787;-11,7489450225126;"TRUE";"No";"0";"";193,374996185;689;192,1899986;699;FALSE
36,1;35,95;97;38,7782425866848;29,6380101428599;-9,14023244382488;-23,5705174709576;"TRUE";"No";"0";"";202,5;896;189,0699959;960;FALSE
36,1333;36,1667;98;36,6884213465341;56,4245409358743;19,7361195893402;53,7938642901153;"FALSE";"No";"0";"";187,999992371;894;175,1883316;946;FALSE
36,2;27,866667;41;28,9628169966753;29,8902405850698;0,927423588394483;3,20211804155978;"FALSE";"Yes";"ID_6953152";"Rodos. Mt. Attaviros, just SW of Embonas.";165,625;841;172,8583336;771;TRUE
36,216667;27,866667;42;28,9628169966753;35,8952053181145;6,93238832143927;23,935476726021;"FALSE";"Yes";"ID_6953146";"Rodos. 1 km S Embonas";181,166667938;782;172,8583336;771;FALSE
36,25;29,6833;74;24,330293870089;29,9588325910741;5,62853872098514;23,1338706841709;"FALSE";"No";"0";"";172,708339691;716;159,0066719;719;FALSE
36,2833;30,1;75;26,8726713951628;44,8524998670552;17,9798284718924;66,9074845872184;"FALSE";"No";"0";"";177,208328247;728;163,7239647;734;FALSE
36,3;30,1333;76;27,230924390012;43,3333303718765;16,1024059818645;59,1327923769296;"FALSE";"No";"0";"";195,833339691;855;179,4687462;834;FALSE
36,3;33,4;92;30,4271367270003;31,34911349385;0,921976766849664;3,0301134645756;"FALSE";"No";"0";"";159,583330154;654;161,863327;657;FALSE
36,45;29,3;73;26,6507125715817;29,2772688565574;2,62655628497566;9,85548239252867;"FALSE";"No";"0";"";200,041675568;834;185,7216644;841;FALSE
36,45;30,15;77;24,7935139019067;25,6849704603007;0,891456558393912;3,59552325628742;"FALSE";"No";"0";"";167,916660309;662;135,7966614;592;FALSE
36,625;-5,3273;164;45,5883890808496;33,0657828105529;-12,5226062702967;-27,4688501234125;"TRUE";"No";"0";"";165,166664124;724;154,1983318;735;FALSE
36,632;-5,321;233;41,6311489852501;45,2038783058766;3,57272932062654;8,581865760881;"FALSE";"No";"0";"";154,208335876;775;154,1983318;735;FALSE
36,644722;-5,09;480;31,1313835868314;50,5488131676494;19,417429580818;62,3725236196429;"FALSE";"Yes";"GE_222509";"Andalucia, Malaga, Igualeja, Junto al parking ubicado a la derecha de la ctra. A-397 Ronda/San Pedro de Alcantara";144,833335876;790;123,9350033;845;FALSE
36,663;-5,076;230;50,0471260496867;34,0825792447648;-15,9645468049219;-31,899028106174;"TRUE";"Yes";"ID_6954019";"Parauta; P. N. Sierra de las Nieves. Camino de Rajete";135,124998093;833;123,9350033;845;FALSE
36,70222;-5,43167;156;40,0549846991691;29,0402824196216;-11,0147022795475;-27,4989551544529;"TRUE";"Yes";"GE_222369";"Cadiz  Benaocaz. Road Ubrique/Benaocaz, slope on the left side, after climbing about 100 meters the path which enters in a fenced area.";158,833332062;758;132,7916622;836;FALSE
36,705;-5,3857;235;49,6949476077097;32,2810887809385;-17,4138588267712;-35,0415075678028;"TRUE";"Yes";"ID_6954621";"Villaluenga del Rosario: S-¬ del Caillo, subida Casa del Cao";144,083328247;827;136,3833332;804;FALSE
36,741;-5,257;232;52,4276065536055;33,1999985194044;-19,2276080342011;-36,6745867266352;"TRUE";"Yes";"ID_6954617";"Montejaque; Montejaque, Base del Hecho";149,791669846;783;150,3899956;725;FALSE
36,74167;-4,35917;152;59,5004484721177;26,7977785035943;-32,7026699685234;-54,9620562672701;"TRUE";"No";"0";"";186,833324432;517;175,2202415;526;FALSE
36,746;-4,361;163;57,9397956203671;41,1358419882053;-16,8039536321618;-29,0024385696225;"TRUE";"No";"0";"";186,833324432;517;175,2202415;526;FALSE
36,75;-5,41667;155;46,4674522639725;28,6070146645595;-17,860437599413;-38,4364468659727;"TRUE";"Yes";"GE_222357";"El Bosque turn R at Plaza del Toros 250m past fish from turn R at Huerta Majaceite";155,958337784;763;123,4249973;884;FALSE
36,75;29,0833;72;35,9962740544352;31,5649644791984;-4,43130957523687;-12,3104673793061;"TRUE";"No";"0";"";195,291671753;896;176,3916588;879;FALSE
36,807657;-3,3;213;56,1897113021415;53,6446723893404;-2,54503891280115;-4,52936819539087;"TRUE";"No";"0";"";148,541669846;485;145,1333332;450;FALSE
36,823;-3,723;111;29,2828113552003;26,9453551679251;-2,33745618727522;-7,9823489586498;"TRUE";"Yes";"ID_6953092";"Ot+¡var; P. N. de las Sierras de Tejeda, Almijara y Alhama. Carril a la garganta de R+¡o Verde";171,416664124;442;166,2150002;436;TRUE
36,85;30,6;80;30,837009893263;41,9032315314769;11,0662216382139;35,8861694973596;"FALSE";"No";"0";"";193,875007629;723;179,460144;723;FALSE
36,85;36,6667;106;36,4285312278314;35,8598309709043;-0,568700256927158;-1,56113968298747;"TRUE";"No";"0";"";191,458339691;657;175,170002;705;FALSE
36,861;-2,703;207;51,485987783697;42,8229258623712;-8,66306192132581;-16,8260575240803;"TRUE";"No";"0";"";165,666656494;355;153,1966686;358;FALSE
36,866667;37,6;52;34,9992309514572;44,2682468623487;9,2690159108915;26,4834845192665;"FALSE";"No";"0";"";183,083343506;374;165,9066582;405;FALSE
36,87;-2,703;208;56,6886708084399;45,2330802722378;-11,4555905362021;-20,2079011076347;"TRUE";"No";"0";"";165,666656494;355;153,1966686;358;FALSE
36,876;-3,937;220;42,6309951837831;40,2918584620265;-2,33913672175659;-5,4869390490945;"TRUE";"Yes";"ID_6954644";"Canillas de Albaida; Sierra de Tejeda. Carril Hoya Sima";125,749998093;667;140,9033298;546;FALSE
36,88;-2,882;210;43,0160076122423;35,3128895392731;-7,70311807296918;-17,9075616277715;"TRUE";"Yes";"ID_6954415";"S-¬ de G+ídor, Pecho mina de los Alemanes";125,166664124;559;123,4983349;528;FALSE
36,894;-3,915;219;50,7396377645361;57,5139624895864;6,77432472505037;13,3511491676143;"FALSE";"Yes";"ID_6954341";"Arenas del Rey; P. N. de las Sierras de Tejeda, Almijara y Alhama. Sierra de J+ítar, camino J+ítar-C+¦mpeta, cerro de los Majanos";137,291669846;584;124,7366714;591;FALSE
36,9;37,366667;51;30,4183008346995;59,5862132554538;29,1679124207543;95,8893548303696;"FALSE";"No";"0";"";178,166656494;451;160,1499939;482;FALSE
36,9;38,916667;54;40,3077707463243;46,4059755229052;6,09820477658086;15,1291045465147;"FALSE";"No";"0";"";201,000003815;326;183,738327;356;FALSE
36,916667;26,016667;37;40,2811296201548;26,9266324128995;-13,3544972072553;-33,1532341152948;"TRUE";"Yes";"ID_6953350";"Amorgos. Langada.";182,583332062;588;160,5192375;649;FALSE
36,9167;36,2833;101;33,7622154501088;44,9678079793062;11,2055925291974;33,1897429709734;"FALSE";"No";"0";"";183,75;838;154,3949986;875;FALSE
36,95;-3,35;311;33,0949516889976;26,9345173145434;-6,1604343744542;-18,6144232278853;"TRUE";"Yes";"ID_6954466";"Capileira, province of Granada";140,250005722;521;124,2266655;532;FALSE
36,95;30,7333;585;41,8703158025915;31,2452381965758;-10,6250776060157;-25,3761582695254;"TRUE";"No";"0";"";193,833332062;740;178,9033318;746;FALSE
36,9667;-5,35;491;26,395250425675;55,1371389405201;28,7418885148452;108,89038009235;"FALSE";"No";"0";"";176,375007629;635;161,7583275;662;FALSE
36,9674;-4,54364;227;52,817022287308;26,6104339852459;-26,2065883020622;-49,6176936282143;"TRUE";"Yes";"ID_6954551";"Antequera; El Torcal de Antequera";154,750003815;651;152,7916622;625;FALSE
36,9833;-3,06667;302;33,941891221668;31,5004718445005;-2,44141937716749;-7,19293854671518;"TRUE";"No";"0";"";168,208332062;384;155,1516628;387;FALSE
37,016667;31,233333;44;36,6034900439014;28,8429612984283;-7,76052874547312;-21,2016087432245;"TRUE";"No";"0";"";192,666664124;891;170,6633377;869;FALSE
37,016667;38,433333;433;41,7449813302612;28,712588564353;-13,0323927659082;-31,2190647848271;"TRUE";"No";"0";"";196,458339691;376;179,1633415;409;FALSE
37,0444;-3,0012;109;40,0121819030994;42,2367732993098;2,22459139621041;5,55978527139028;"FALSE";"No";"0";"";108,625001907;659;123,465004;517;FALSE
37,05;30,5;79;44,1001924933805;40,637636557094;-3,46255593628653;-7,85156649102214;"TRUE";"No";"0";"";145,958328247;547;154,6983337;609;FALSE
37,05;38,4;432;43,0618643801091;32,3602886397559;-10,7015757403532;-24,8516312389308;"TRUE";"No";"0";"";194,500007629;393;179,1633415;409;FALSE
37,0667;36,4333;102;28,448658324063;45,3533108129198;16,9046524888568;59,4216159380642;"FALSE";"No";"0";"";145,124998093;739;128,9866638;787;FALSE
37,0833;-5,5;512;29,5133215516227;26,4130684412444;-3,10025311037836;-10,5045889360694;"TRUE";"No";"0";"";180,541667938;631;167,5;639;FALSE
37,0833;36,4333;103;29,8182415179802;36,7525629160142;6,93432139803405;23,2552995918713;"FALSE";"No";"0";"";145,124998093;739;128,9866638;787;FALSE
37,083333;-5,5;157;39,6694869916129;29,2769727849446;-10,3925142066683;-26,1977529703512;"TRUE";"No";"0";"";180,541667938;631;167,5;639;FALSE
37,083333;25,533333;36;43,0847581046066;24,0453224546539;-19,0394356499528;-44,1906523038296;"TRUE";"Yes";"ID_6953364";"Naxos. 1 km E of Apiranthos";170,625;581;173,0883408;483;FALSE
37,1;37,2;4;36,8152198574906;29,4294034113419;-7,38581644614877;-20,0618561419402;"TRUE";"No";"0";"";161,208324432;541;140,3100014;580;FALSE
37,116667;25,416667;394;34,5348640207483;26,1233005240124;-8,41156349673593;-24,3567297432598;"TRUE";"No";"0";"";189,083328247;453;176,5616608;446;FALSE
37,1167;-5,25;154;53,1374979877361;26,5157846822263;-26,6217133055098;-50,0996740788472;"TRUE";"No";"0";"";174,791660309;625;161,5833282;631;FALSE
37,133333;24,5;383;31,4056312048721;43,0924163126505;11,6867851077784;37,2123872675592;"FALSE";"Yes";"ID_6954734";"Serifos. 1-2 km S to SW of Livadion.";195,416660309;401;182,5972176;394;FALSE
37,15;-7,9167;244;42,8157786727983;28,1677450823458;-14,6480335904525;-34,2117650186722;"TRUE";"No";"0";"";176,083335876;572;165,8616638;577;FALSE
37,1667;37,2333;108;47,962398307006;43,6722735895209;-4,2901247174851;-8,94476687763637;"TRUE";"No";"0";"";158,083333969;542;141,2416649;579;FALSE
37,19472;-2,59972;234;39,0133704133716;44,9077750115832;5,89440459821154;15,108678219176;"FALSE";"No";"0";"";121,291666031;552;112,0666695;518;FALSE
37,2231;-3,53639;371;30,0461006778916;34,6716729671835;4,62557228929192;15,394917093836;"FALSE";"No";"0";"";144,333333969;497;130,1299953;501;FALSE
37,2333;-3,48333;319;34,9159665752554;30,0288882598146;-4,88707831544087;-13,9966863151493;"TRUE";"Yes";"ID_6954549";"Puerto de la Mora, Huetor-Santillan, province of Granada";141,541662216;506;127,2483349;510;FALSE
37,24;-2,791;209;56,6886708084399;42,5736832583058;-14,1149875501341;-24,8991330169495;"TRUE";"No";"0";"";110,458335876;620;96,64000511;625;FALSE
37,249;-2,611;204;47,2923645777044;48,607862000234;1,31549742252962;2,78162750853402;"FALSE";"No";"0";"";103,583335876;641;89,84167099;646;FALSE
37,25917;-3,53028;339;33,1171712553823;26,1464703456612;-6,97070090972113;-21,048600002599;"TRUE";"Yes";"GE_663340";"Granada  Alfacar. Close to \La Alfag++ara\ camping, in front of the parking and along the path to \Cueva del Agua\.";132,874994278;550;130,1299953;501;FALSE
37,26472;-3,53111;358;40,9615477410804;37,636167698572;-3,32538004250848;-8,11829685618409;"TRUE";"Yes";"GE_663341";"Granada  Alfacar. Path that starts in \La Alfag++ara\ camping.";132,874994278;550;118,3666706;553;FALSE
37,26659;-3,495496;215;51,1816735934659;57,7384493198746;6,55677572640872;12,8107880537259;"FALSE";"Yes";"ID_6953991";"Ca+¦ada del Sereno";127,874994278;568;113,4566689;571;FALSE
37,266667;44,65;6;32,3115122690256;31,484955134592;-0,826557134433632;-2,55808866991962;"TRUE";"No";"0";"";117,208337784;534;85,17333031;576;FALSE
37,2667;-2,45;218;53,3145376716672;55,1597468815955;1,84520920992831;3,46098698499809;"FALSE";"No";"0";"";125,333337784;519;111,4533329;525;FALSE
37,3;-2,96667;291;31,3815462818006;33,9965247309374;2,61497844913685;8,33285404630742;"FALSE";"Yes";"ID_6954462";"Charches, Valle del Zalabi, province of Granada";125,166664124;561;120,3233337;507;FALSE
37,311944;-3,941111;409;37,3157462351949;31,2676443313939;-6,048101903801;-16,2079082264115;"TRUE";"No";"0";"";143,75;582;129,3083382;587;FALSE
37,3333;-2,48333;225;51,7598851883199;46,6930737953245;-5,06681139299545;-9,78906999998297;"TRUE";"No";"0";"";134,833335876;471;120,8016682;475;FALSE
37,4;24,9;390;33,1132389140166;29,1004886250877;-4,01275028892882;-12,1182657466656;"TRUE";"No";"0";"";200,541667938;399;189,16008;400;FALSE
37,4;37,583333;431;43,0997099902489;33,8969396338089;-9,20277035644003;-21,3522790722307;"TRUE";"No";"0";"";181,25;485;164,4733429;520;FALSE
37,4167;-4,25;179;59,9109997771286;29,5770775421515;-30,3339222349771;-50,6316408469573;"TRUE";"Yes";"GE_222359";"Lucena 2 km on Cordoba road turn R at Agricola Agulera Cont. towards hill for 1.1km";171,083335876;534;141,4633369;585;FALSE
37,4333;36,1833;100;30,0786755210251;46,8568899183318;16,7782143973067;55,7810944354203;"FALSE";"No";"0";"";188,374996185;762;171,685009;805;FALSE
37,44;-4,53;226;62,3682257919704;32,3415814605093;-30,0266443314611;-48,1441374196136;"TRUE";"No";"0";"";178,833332062;572;164,0983391;576;FALSE
37,45;24,933333;393;34,6437495881839;27,2185896260789;-7,42515996210498;-21,4328992974753;"TRUE";"No";"0";"";200;407;187,1479225;404;FALSE
37,4744;-4,37417;153;45,5883890808496;29,4095649328641;-16,1788241479855;-35,4889138971172;"TRUE";"Yes";"ID_6953884";"ermita de Nuestra Senora de la Sierra, Cabra, province of Cordoba";155,666666031;603;140,5866718;607;FALSE
37,483333;43,633333;5;35,8615168962143;32,8871459676931;-2,97437092852127;-8,29404661584533;"TRUE";"No";"0";"";128,958330154;687;109,1616631;733;FALSE
37,5;30,5833;584;43,1770208904799;28,2823741026414;-14,8946467878385;-34,4966986620482;"TRUE";"No";"0";"";145;527;124,416666;525;FALSE
37,5;36,8667;107;43,9081752521177;34,2528449832451;-9,65533026887251;-21,9898235657307;"TRUE";"No";"0";"";181,458339691;643;171,4533424;683;FALSE
37,53;-4,41;224;53,2930522054184;28,433349772884;-24,8597024325344;-46,6471733251691;"TRUE";"No";"0";"";166,124992371;584;150,8349991;587;FALSE
37,55;29,0667;71;32,1420943000782;42,3154565972722;10,1733622971939;31,6512116547712;"FALSE";"No";"0";"";143,874998093;657;110,4699993;670;FALSE
37,5833;35,5;94;44,1445058814788;42,0912188857968;-2,05328699568197;-4,6512854876997;"TRUE";"No";"0";"";159,499998093;687;142,6316643;712;FALSE
37,6;36,5;104;29,8414847319761;33,3301511454254;3,48866641344936;11,6906596464054;"FALSE";"No";"0";"";149,624996185;662;132,6049995;705;FALSE
37,6;36,6;105;34,1889936734862;30,3140822415639;-3,87491143192235;-11,3337978559087;"TRUE";"No";"0";"";153,833332062;643;136,6899967;685;FALSE
37,6333;29,2;571;32,761332666642;31,4980456866709;-1,26328697997116;-3,85603050042423;"TRUE";"No";"0";"";132,333335876;625;105,4366684;636;FALSE
37,65;22,966667;28;30,4831815633192;44,9970225478203;14,5138409845011;47,6126186315336;"FALSE";"No";"0";"";147,166671753;680;132,3683357;695;FALSE
37,666667;23,116667;29;29,0984552336937;37,1951683650411;8,09671313134744;27,8252335607565;"FALSE";"No";"0";"";179,416675568;524;164,3371201;530;FALSE
37,6667;30,5;580;34,2137100429769;43,9684082671629;9,75469822418598;28,5110799499171;"FALSE";"No";"0";"";108,166666031;604;111,4000034;538;FALSE
37,68;-3,45;214;57,9408500045636;46,4411677493825;-11,4996822551811;-19,8472791722513;"TRUE";"Yes";"ID_6954439";"Sierra M+ígina, El Carluco";144,208335876;528;128,326664;530;FALSE
37,7;35,8833;95;32,3896966607115;28,3276643688609;-4,06203229185055;-12,5411248348546;"TRUE";"No";"0";"";143,583335876;634;126,7283344;663;FALSE
37,71666667;30,4;78;31,5207031437892;48,8120729880451;17,2913698442559;54,85718311986;"FALSE";"No";"0";"";119,916667938;551;93,43500137;578;FALSE
37,72;-4,19;223;62,6845794370986;28,2765196446087;-34,40805979249;-54,8907882950974;"TRUE";"No";"0";"";187,000007629;502;169,5166588;511;FALSE
37,7433;-3,86139;392;44,7891637606152;29,604217716779;-15,1849460438362;-33,9031693580957;"TRUE";"No";"0";"";153,166666031;543;137,5349998;544;FALSE
37,75;38,716667;53;37,8249614717116;40,1687295589862;2,34376808727465;6,19635287408688;"FALSE";"No";"0";"";190,208339691;479;172,3433304;525;FALSE
37,751;-3,857;217;58,253274828701;55,1141064196745;-3,13916840902647;-5,38882735478388;"TRUE";"No";"0";"";166,666660309;484;137,5349998;544;FALSE
37,766667;26,683333;39;34,6656382974172;30,4942775419168;-4,17136075550047;-12,0331283668048;"TRUE";"Yes";"ID_6953357";"Samos. The valley W to NW of Leka.";180,249996185;685;167,0416641;662;FALSE
37,8167;30,55;582;33,7245053992247;29,9968760771291;-3,72762932209555;-11,0531771421657;"TRUE";"No";"0";"";136,541662216;531;120,2233315;522;FALSE
37,82258;20,63522;124;27,7959410106097;28,7786953766113;0,982754366001529;3,53560386973915;"FALSE";"Yes";"ID_6953044";"Greece. Zakynthos. P+¦rto Vr+¦mi: +Âstlicher Abschnitt der Bucht und Ausgang der angrenzenden Felsschlucht. MGRS [km]: 34S DG 6786.";176,25;925;162,1550941;921;TRUE
37,866667;21,883333;19;34,0986084688982;33,1347635367759;-0,963844932122313;-2,82664007536099;"TRUE";"Yes";"ID_6953111";"W-NW of Tripotamia";136,291666031;850;121,1600018;853;FALSE
37,8667;33,1667;591;34,2033694433798;29,7936962633551;-4,40967318002478;-12,8925110355707;"TRUE";"No";"0";"";117,375001907;423;100,6916618;423;FALSE
37,8833;33,2;592;44,5964320598241;48,2434697958107;3,64703773598661;8,17786887321901;"FALSE";"No";"0";"";117,624998093;426;104,8083305;424;FALSE
37,9007;-2,9444;211;41,0064875046181;46,7669481666106;5,76046066199246;14,0476812634677;"FALSE";"Yes";"ID_6954706";"Cazorla: barranco del arroyo de la Mesa, margen izquierda";135,749998093;492;120,2449989;497;FALSE
37,9007;-2,9671;212;56,0956216806212;57,2291754216951;1,1335537410738;2,02075261332811;"FALSE";"Yes";"ID_6954713";"Cazorla: aleda+¦os de la C.F. de Sacejo";129,499998093;548;120,2449989;497;FALSE
37,9083;-2,96306;271;45,1720951702713;26,5263736803956;-18,6457214898757;-41,27707917818;"TRUE";"Yes";"ID_6954392";"Sacejo, Cazorla, province of Jaen";129,499998093;548;120,2449989;497;FALSE
37,9167;30,5;581;31,9745982955306;51,2400098155764;19,2654115200457;60,2522394245016;"FALSE";"No";"0";"";136,291666031;547;122,6049995;516;FALSE
37,9333;35,9;96;36,4710421063478;29,1985834569978;-7,27245864935003;-19,9403642707655;"TRUE";"No";"0";"";129,916667938;546;101,7399979;562;FALSE
37,933333;23,816667;373;30,944493840253;33,7605869404868;2,81609310023372;9,10046586889233;"FALSE";"Yes";"ID_6954538";"Mt Imittos: W side below the radar station";163,958339691;526;170,6916618;432;FALSE
37,9667;-2,61667;252;46,3757623199911;57,6664060332682;11,2906437132771;24,34600133443;"FALSE";"Yes";"ID_6954429";"Huescar/La Losa 14km, Huescar, province of Granada";119,625005722;556;112,0416641;519;FALSE
37,96944;22,141939;328;33,0035081686866;34,9859025958113;1,9823944271247;6,00661728744816;"FALSE";"Yes";"ID_6954163";"Acha+¡a, N Kastria";121,833333969;861;121,8783379;822;FALSE
38,005562;21,92528;21;32,8192115533368;29,9440419712402;-2,87516958209662;-8,76062966175764;"TRUE";"Yes";"ID_6953060";"Acha+¡a, Ano Vlasia";131,958332062;838;92,20499992;940;FALSE
38,0833;28,2;70;35,758283775457;31,2347741347793;-4,52350964067766;-12,650242581783;"TRUE";"No";"0";"";148,083333969;748;143,9150047;688;FALSE
38,106939;12,668438;260;39,6618915045868;28,3445418665158;-11,317349638071;-28,5345685965637;"TRUE";"Yes";"ID_6954406";"NA";186,166667938;499;172,3627472;500;FALSE
38,18;30,35;579;31,2943315483496;42,1423848863294;10,8480533379798;34,6645951558978;"FALSE";"No";"0";"";125,708332062;579;109,3200016;570;FALSE
38,1833;30,25;577;31,1534083438264;29,4424664313567;-1,71094191246974;-5,4919894914445;"TRUE";"No";"0";"";120,749998093;584;104,4433308;576;FALSE
38,2;30,18333333;576;30,4183008346995;30,6955044737889;0,277203639089429;0,911305469019526;"FALSE";"No";"0";"";128,041667938;557;111,7833328;548;FALSE
38,2;30,3333;578;35,3991771210932;56,932675494256;21,5334983731628;60,8305054648622;"FALSE";"No";"0";"";119,666671753;590;109,3200016;570;FALSE
38,208328;23,321939;360;27,5779983686399;41,3146263671097;13,7366279984698;49,8100979442015;"FALSE";"No";"0";"";145,708332062;631;136,6849995;612;FALSE
38,2337;-2,6699;206;61,3324564769011;36,1017145500931;-25,230741926808;-41,1376673561254;"TRUE";"Yes";"ID_6954658";"Segura de la Sierra: Pista forestal del Yelmo";141,166667938;470;110,0916672;542;FALSE
38,2461;-2,66917;262;47,7241707796487;27,9519612785102;-19,7722095011385;-41,4301792532561;"TRUE";"Yes";"ID_6954388";"El Robledo/Yelmo camino forestal, Segura de la Sierra, province of Jaen";141,166667938;470;110,0916672;542;FALSE
38,25;28,0833;568;29,91168874406;46,0486848206109;16,1369960765509;53,9487964542137;"FALSE";"No";"0";"";180,041675568;651;156,991663;659;FALSE
38,3167;27,65;57;40,4943998338603;57,3040432970588;16,8096434631985;41,5110324690939;"FALSE";"No";"0";"";147,541666031;797;137,3933315;756;FALSE
38,32688;20,74416;127;24,4388238678723;31,7362188844657;7,29739501659342;29,8598453675454;"FALSE";"No";"0";"";175,958328247;908;172,2291565;860;FALSE
38,3333;-1,5;199;49,9375514633128;42,6769300332092;-7,26062143010365;-14,5394021479763;"TRUE";"No";"0";"";180,541667938;305;165,4566765;312;FALSE
38,3333;27,5;27;30,2381711717881;35,5043610377073;5,26618986591918;17,4157022790865;"FALSE";"No";"0";"";147,208337784;806;132,8516674;775;FALSE
38,3333;27,5833;566;38,819436406023;58,1343915766418;19,3149551706187;49,7558876656486;"FALSE";"No";"0";"";152,250003815;798;132,9399967;771;FALSE
38,33713;20,70839;281;46,6432452567715;40,8270935140141;-5,81615174275731;-12,4694405604484;"TRUE";"No";"0";"";181,749992371;881;161,3554001;896;FALSE
38,35;27,5333;43;30,4115818096425;31,2775340893605;0,865952279718062;2,84744241565067;"FALSE";"No";"0";"";147,458333969;809;131,9666672;777;FALSE
38,35;27,6;402;27,2313582459197;29,8851702072522;2,65381196133247;9,74542634769275;"FALSE";"No";"0";"";152,375001907;792;137,7316666;763;FALSE
38,3667;27,55;565;28,5935030518719;34,4096950327519;5,81619198087991;20,3409563715529;"FALSE";"No";"0";"";146,374998093;808;131,9666672;777;FALSE
38,3667;28,0667;567;36,5624785853521;59,5862132554538;23,0237346701017;62,9709351250755;"FALSE";"No";"0";"";123,625001907;816;97,56999969;821;FALSE
38,3825;22,839439;350;31,9163452735117;41,9698379198919;10,0534926463802;31,499510862617;"FALSE";"No";"0";"";146,916666031;681;110,4733372;760;FALSE
38,3833;27,5333;50;42,1657156123378;29,6773960802607;-12,4883195320772;-29,6172360665996;"TRUE";"No";"0";"";174,083328247;756;131,9666672;777;FALSE
38,3833;28,1333;569;33,237899953097;42,2035392500961;8,96563929699911;26,9741449058177;"FALSE";"No";"0";"";125,916671753;799;92,27499962;842;FALSE
38,4;28,15;570;32,6605456609863;60,1181691858329;27,4576235248466;84,0697023554182;"FALSE";"No";"0";"";125,916671753;799;111,704998;776;FALSE
38,4167;28,1333;68;36,2471808685125;43,5303308582578;7,28314998974528;20,0930108638382;"FALSE";"No";"0";"";162,875003815;667;110,5949974;775;FALSE
38,419998;22,09972;327;30,3491397354153;31,5004718445005;1,15133210908521;3,79362353965405;"FALSE";"No";"0";"";128,041667938;825;141,3949966;739;FALSE
38,423889;21,923889;20;32,5735771685675;28,0555167847047;-4,51806038386278;-13,8703230550391;"TRUE";"No";"0";"";162,458324432;742;161,0000038;683;FALSE
38,424999;21,87639;18;33,3864811215464;29,7312086115583;-3,65527250998811;-10,9483610946621;"TRUE";"No";"0";"";169,041671753;732;164,8840523;678;FALSE
38,4333;27,45;17;30,5071158356115;34,3612809633895;3,85416512777802;12,6336594666841;"FALSE";"No";"0";"";177,583332062;744;164,4316673;712;FALSE
38,45;27,5167;38;30,3714534921111;30,6136029536067;0,242149461495615;0,79729296313893;"FALSE";"No";"0";"";179,791660309;739;165,3849983;710;FALSE
38,478611;22,68528;348;33,4390939038229;31,4586250983804;-1,98046880544241;-5,92261504195842;"TRUE";"Yes";"ID_6954149";"Voiot+¡a, SW Davlia";144,833335876;698;129,1549969;703;FALSE
38,484169;22,460831;341;33,1654386954751;27,1028663649899;-6,0625723304852;-18,2797893498461;"TRUE";"No";"0";"";158,125;673;142,0650005;678;FALSE
38,5;27,2833;8;29,1016317429975;29,2188973343544;0,117265591356901;0,402951945762003;"FALSE";"No";"0";"";175,833339691;745;156,7850018;720;FALSE
38,50528;22,037781;324;32,4364835121502;30,0768624233762;-2,35962108877398;-7,27458970048375;"TRUE";"No";"0";"";150,500001907;756;113,3183289;809;FALSE
38,508888;22,871111;25;33,5540423506198;29,1309769138005;-4,42306543681929;-13,1819152834132;"TRUE";"Yes";"ID_6953053";"Voiot+¡a, Akondio";174,583339691;599;160,114994;602;FALSE
38,51;-0,67;181;48,3141372597664;41,6001144012459;-6,71402285852052;-13,8966009522675;"TRUE";"Yes";"ID_6954164";"Serra del Maigm+â-¦";142,291669846;395;146,0783291;372;FALSE
38,512218;23,07333;354;43,4700285887217;28,2426931162284;-15,2273354724933;-35,0295041592037;"TRUE";"No";"0";"";173,166675568;583;161,154995;576;FALSE
38,523891;22,502781;0;34,1160826730794;43,7145113369333;9,59842866385389;28,1346154417309;"FALSE";"Yes";"ID_6952438";"Fok+¡dos, Parnassidhos, NW Ag. Triada";115,458335876;795;99,44833755;800;FALSE
38,56694;21,915001;321;33,720277445027;30,0951036473995;-3,62517379762751;-10,7507235180301;"TRUE";"No";"0";"";119,083337784;879;106,9133377;858;FALSE
38,5833;27,1667;564;57,640833566768;53,5384743571685;-4,10235920959951;-7,11710597461705;"TRUE";"No";"0";"";157,791662216;769;143,706665;733;FALSE
38,59444;21,65889;11;30,0831325956627;30,3826739090395;0,299541313376746;0,995711840926876;"FALSE";"No";"0";"";154,708337784;824;140,4483318;794;FALSE
38,595001;21,691389;13;30,1063310257214;27,2839882613538;-2,82234276436758;-9,37458224968133;"TRUE";"No";"0";"";151,25;821;142,5049973;782;FALSE
38,61417;21,630831;10;31,167858203421;35,1845324000577;4,01667419663669;12,887232001703;"FALSE";"No";"0";"";154,708337784;824;138,664999;817;FALSE
38,625;21,51944;300;45,771011327549;32,5131334322784;-13,2578778952705;-28,9656651901218;"TRUE";"No";"0";"";178,291664124;800;162,3200035;794;FALSE
38,63333;23,833333;374;41,4389101122236;44,0411709634773;2,60226085125363;6,27975215614083;"FALSE";"Yes";"ID_6954663";"Delphi";143,333330154;607;122,7166653;641;FALSE
38,633333;22,366667;24;33,2024343534237;29,2067235860317;-3,99571076739204;-12,0343909872983;"TRUE";"Yes";"ID_6953356";"The Amvlema-pass, N of Amphissia.";103,458337784;869;113,579998;764;FALSE
38,654171;23,64278;372;32,016866107844;33,0904781865297;1,07361207868571;3,35327035153726;"FALSE";"No";"0";"";156,000003815;555;141,9516659;560;FALSE
38,66;-0,05;596;31,6206628982626;30,9154231181001;-0,705239780162479;-2,23031307860794;"TRUE";"Yes";"ID_6954230";"NA";172,958335876;335;159,7299957;347;FALSE
38,665001;21,47167;146;28,5411052728833;33,5928373933557;5,05173212047243;17,6998475432977;"FALSE";"No";"0";"";167,916660309;837;151,7633343;829;FALSE
38,683333;22,2;331;29,689390338854;45,566167805243;15,876777466389;53,4762663873612;"FALSE";"Yes";"ID_6954427";"Between the villages of Mousounitsa and Athanasios Diakos";117,708330154;812;102,1533298;800;FALSE
38,686668;21,84667;15;30,5332364565529;30,2428143151697;-0,290422141383115;-0,951167236386387;"TRUE";"No";"0";"";135,833330154;835;119,628334;827;FALSE
38,701672;20,606939;123;24,4002528056486;27,7364627446266;3,33620993897805;13,6728498903328;"FALSE";"No";"0";"";158,583335876;989;135,6516647;1005;FALSE
38,7243;-0,2406;599;30,6866219201818;37,8917064690237;7,20508454884186;23,4795624216404;"FALSE";"Yes";"ID_6954506";"Vall de Laguar, S. del Pe+¦on, la May+í";141,791667938;390;127,6633358;411;FALSE
38,728062;21,8675;320;32,0118303197089;31,8021415527312;-0,209688766977703;-0,655035231923624;"TRUE";"No";"0";"";113,625001907;884;93,29833031;880;FALSE
38,728329;21,51639;147;28,1678655365472;31,0761577654789;2,9082922289317;10,3248583928316;"FALSE";"No";"0";"";151,791667938;862;135,6233311;854;FALSE
38,7333;-0,433333;177;57,3437115496697;36,0635724934467;-21,280139056223;-37,1098041636016;"TRUE";"Yes";"ID_6953888";"Cocentaina, province of Alicante";161,416664124;351;145,6066704;365;FALSE
38,74;-0,26;601;30,4271367270003;35,669518851197;5,24238212419665;17,2292982124233;"FALSE";"Yes";"ID_6954503";"NA";138,874998093;397;127,6633358;411;FALSE
38,74;0,18;165;38,9978870465768;34,2040328732771;-4,79385417329971;-12,2925997697624;"TRUE";"Yes";"ID_6953881";"La Granadella";182,541656494;316;169,2009735;327;FALSE
38,74028;-0,01694;176;35,6137194359636;33,6993367958137;-1,91438264014989;-5,37540776551606;"TRUE";"No";"0";"";172,374992371;341;162,0083237;348;FALSE
38,752499;23,55583;32;41,7486606131166;36,9510043125208;-4,79765630059588;-11,4917610053544;"TRUE";"No";"0";"";176,708335876;493;155,4300022;517;FALSE
38,75583;0,16;166;57,2426489612131;24,4167884923629;-32,8258604688502;-57,3451107950866;"TRUE";"No";"0";"";186,541671753;317;169,2009735;327;FALSE
38,7667;-0,6;554;33,316458872887;34,2695058227049;0,953046949817825;2,8605889763195;"FALSE";"Yes";"ID_6954486";"Bocairent, province of Valencia";152,5;365;134,2016697;388;FALSE
38,77;-0,07;597;31,3101280837484;33,0553444395514;1,74521635580298;5,57396747510862;"FALSE";"No";"0";"";175,666675568;337;161,9000053;351;FALSE
38,77;-0,18;598;29,4343592670673;43,4094637507284;13,9751044836611;47,4788812518748;"FALSE";"Yes";"ID_6954444";"NA";151,041669846;362;141,0633373;377;FALSE
38,77;-0,26;160;54,9776637674659;58,0119597245084;3,03429595704248;5,5191431376138;"FALSE";"Yes";"ID_6953899";"NA";146,875;367;130,0616646;394;FALSE
38,77;-0,29;602;35,030700081267;45,5057158755765;10,4750157943095;29,9023878198514;"FALSE";"No";"0";"";146,875;367;132,6133347;385;FALSE
38,776;-0,266;161;55,5039948483606;26,0094811726874;-29,4945136756732;-53,139442946861;"TRUE";"Yes";"ID_6953898";"Beniaia (Marina alta), Vall d-¦Alcal+á";146,875;367;130,0616646;394;FALSE
38,7775;0,11889;151;30,4088420177396;31,400244094264;0,991402076524363;3,26024278052419;"FALSE";"No";"0";"";183,958339691;326;173,1516647;328;FALSE
38,779442;20,653891;125;38,0861313292894;27,7892067663559;-10,2969245629335;-27,0358899776592;"TRUE";"No";"0";"";155;982;153,7133312;926;FALSE
38,78;-0,41;162;55,5036534023865;31,3510676678292;-24,1525857345573;-43,5153080094702;"TRUE";"Yes";"ID_6953902";"Estaci+â-¦n";164,916667938;343;150,4616642;358;FALSE
38,78;-0,76;183;58,0897066310412;33,9792092264519;-24,1104974045893;-41,5056277659103;"TRUE";"Yes";"ID_6954509";"Serra de la Solana";149,833335876;377;135,8616638;386;FALSE
38,7833;-0,633333;593;45,2758129855008;42,2652406115112;-3,01057237398954;-6,64940544514055;"TRUE";"Yes";"ID_6954404";"Bocairent/Alcoy km7, Bocairent, province of Valencia";150,874996185;367;137,5616646;381;FALSE
38,786942;21,333891;145;28,3108578881079;33,7394206226353;5,42856273452735;19,1748436447334;"FALSE";"No";"0";"";171,666660309;861;155,5550003;851;FALSE
38,8;-0,16;159;30,5411331497179;39,0446466181531;8,50351346843522;27,8428224216487;"FALSE";"Yes";"ID_6953901";"NA";161,708335876;353;141,0633373;377;FALSE
38,808331;21,333059;144;29,5180604155113;34,9352714322971;5,41721101678581;18,3521916431174;"FALSE";"No";"0";"";162,291660309;884;155,3100014;850;FALSE
38,840279;21,73917;14;31,1414096642216;30,242759678537;-0,898649985684632;-2,88570747237911;"TRUE";"No";"0";"";125,291671753;855;90;903;FALSE
38,85194;21,73806;309;33,8454516107529;32,8037078851677;-1,04174372558514;-3,077943049973;"TRUE";"No";"0";"";125,291671753;855;104,914999;841;FALSE
38,85722;23,237499;30;29,7077247618796;35,431233969582;5,72350920770238;19,2660638052184;"FALSE";"No";"0";"";160,083332062;563;135,9883308;600;FALSE
38,873611;22,95083;26;28,3935435468908;30,2707432141107;1,87719966721994;6,6113610093077;"FALSE";"No";"0";"";165,208339691;559;160,7339668;528;FALSE
38,9;21,833333;317;32,7224165478643;32,0678521504298;-0,65456439743447;-2,00035470020074;"TRUE";"No";"0";"";123,166666031;835;99,79499817;841;FALSE
38,9;21,866667;16;31,8063411897229;29,0843832894376;-2,72195790028527;-8,55790951888794;"TRUE";"No";"0";"";116,083335876;851;102,7050018;831;FALSE
38,9;43,7167;595;42,4620030580711;34,4297307403985;-8,03227231767254;-18,9163763816973;"TRUE";"No";"0";"";101,999998093;461;82,19666481;486;FALSE
38,90583;21,611389;9;30,4275647906565;33,14540926843;2,7178444777735;8,93217875460108;"FALSE";"No";"0";"";153,291664124;824;133,6400032;808;FALSE
38,91917;21,929171;22;30,4664622510063;30,6980868509627;0,231624599956383;0,760260899503461;"FALSE";"No";"0";"";148,833332062;761;117,5800037;787;FALSE
38,919441;21,744169;312;32,3483596971718;26,9127378493164;-5,43562184785536;-16,8033925019407;"TRUE";"No";"0";"";124,250001907;854;108,0749989;831;FALSE
38,923061;21,77;313;42,415887399687;26,3588198898855;-16,0570675098015;-37,8562573935917;"TRUE";"No";"0";"";103,166666031;914;108,0749989;831;FALSE
38,944439;21,696939;308;41,0668646755131;26,94520042996;-14,1216642455531;-34,3870036272172;"TRUE";"No";"0";"";147,791662216;814;107,9683304;844;FALSE
38,95528;22,569441;344;32,0412490890257;29,654203404198;-2,38704568482773;-7,44991457166788;"TRUE";"No";"0";"";163,666667938;602;144,0983295;607;FALSE
38,965832;21,57139;150;32,4588873219669;31,1404930356571;-1,31839428630981;-4,06173592222176;"TRUE";"No";"0";"";158,500003815;824;124,9816704;828;FALSE
38,983333;-0,516667;178;58,3535192316107;30,0631323393517;-28,290386892259;-48,4810295330634;"TRUE";"No";"0";"";181,916675568;348;166,3466644;363;FALSE
38,984718;21,660561;12;29,0691790903102;24,2096741585837;-4,85950493172653;-16,7170353061204;"TRUE";"Yes";"ID_6953073";"Evrytan+¡a, NW Nea Viniani";135,958337784;837;133,1400013;800;TRUE
38,996109;23,252781;31;30,9436369905774;34,8555419314096;3,91190494083217;12,6420334559359;"FALSE";"No";"0";"";173,666667938;509;158,8933372;513;FALSE
39,10083;21,106939;134;28,8312584147237;31,3793152418257;2,54805682710199;8,83782729997222;"FALSE";"Yes";"ID_6953017";"Etolia-Akarnania, O Komboti";172,374992371;898;144,659996;896;FALSE
39,15;20,683333;126;27,0953797731187;33,8405823094066;6,74520253628789;24,8942904390652;"FALSE";"Yes";"ID_6953095";"below ancient Kassopi";165,375003815;986;149,8666668;965;FALSE
39,15;27,1667;158;44,092488662867;36,477501072398;-7,614987590469;-17,270487154158;"TRUE";"No";"0";"";170,208339691;740;156,4750004;708;FALSE
39,165829;21,164721;285;28,1049021367954;55,6491428829186;27,5442407461232;98,005111749035;"FALSE";"No";"0";"";159,041662216;921;138,5216713;901;FALSE
39,212502;21,122499;136;27,774481925036;27,3579422502592;-0,416539674776768;-1,49972077211384;"TRUE";"No";"0";"";162,791671753;912;138,7366676;902;FALSE
39,256672;21,06472;129;28,15636327202;37,8126840218896;9,65632074986959;34,2953408314114;"FALSE";"No";"0";"";165,083332062;920;148,5649967;897;FALSE
39,294998;21,20306;141;34,1107683510637;29,6120118078275;-4,49875654323624;-13,1886696216737;"TRUE";"No";"0";"";153,541669846;910;132,7816677;880;FALSE
39,301941;21,114441;135;26,6222913662028;31,8739129345403;5,25162156833755;19,726407077809;"FALSE";"No";"0";"";162,958335876;914;143,1933308;890;FALSE
39,312778;21,127501;137;28,9718130019247;28,533270676845;-0,438542325079638;-1,51368616472329;"TRUE";"No";"0";"";157,624998093;913;141,461668;892;FALSE
39,3167;-7,3;243;45,3743168252843;25,7863316336954;-19,5879851915889;-43,1697633421419;"TRUE";"Yes";"ID_6954767";"Serra de So Mamede: S. Julio";156,666669846;783;143,4083366;764;FALSE
39,321941;21,16222;138;28,8348754180201;29,6738073549361;0,838931936915966;2,90943492820393;"FALSE";"No";"0";"";157,624998093;913;137,2516632;891;FALSE
39,326111;21,16917;139;28,0878509648675;28,9441904999701;0,856339535102681;3,04878979945386;"FALSE";"No";"0";"";153,541669846;910;137,2516632;891;FALSE
39,331108;21,259171;143;31,0259764687818;37,7763644201185;6,75038795133673;21,7572135340492;"FALSE";"No";"0";"";144,833335876;898;128,5633373;879;FALSE
39,339722;21,08861;132;31,2164762248676;29,4166578818219;-1,79981834304571;-5,76560381152802;"TRUE";"No";"0";"";156,041669846;930;146,7749977;894;FALSE
39,35944;21,09667;133;27,3495094258348;29,1515293020994;1,80201987626463;6,58885630527039;"FALSE";"No";"0";"";156,041669846;930;139,9316692;907;FALSE
39,362221;21,541389;148;28,6943924487835;43,7196705210072;15,0252780722237;52,3631162396705;"FALSE";"Yes";"ID_6953015";"Karditsa, NO Argithea";118,249998093;882;85,12833595;885;FALSE
39,372219;21,23222;142;28,722916061009;37,6094449545681;8,88652889355902;30,9388116258236;"FALSE";"No";"0";"";140,041666031;917;119,9916649;886;FALSE
39,4833;30,0833;574;28,8361612083695;44,9662460048677;16,1300847964982;55,9370045129883;"FALSE";"No";"0";"";122,083330154;558;105,9183311;536;FALSE
39,5;20,883333;282;42,1701823587349;29,6221992077056;-12,5479831510293;-29,7555819044974;"TRUE";"No";"0";"";143,166666031;992;127,0833302;966;FALSE
39,5;30,03;573;34,9675034852037;40,7688061290589;5,80130264385515;16,5905542736556;"FALSE";"No";"0";"";125,958337784;561;107,0783329;542;FALSE
39,53056;19,91028;122;30,3483336324649;27,2656321325871;-3,08270149987779;-10,1577290444049;"TRUE";"No";"0";"";177,250003815;1062;165,7708359;1014;FALSE
39,567501;22,76194;349;33,9588752029767;33,3940005285017;-0,564874674475021;-1,66340808138871;"TRUE";"Yes";"ID_6954225";"L+írisa, O Kalamaki";161,833324432;461;146,0350037;461;FALSE
39,640282;21,003059;128;38,3757205905504;35,0881058026362;-3,28761478791421;-8,56691349979172;"TRUE";"No";"0";"";136,458330154;948;120,2149963;921;FALSE
39,665562;21,7875;315;32,0911016869592;26,1065073655767;-5,98459432138251;-18,6487655667317;"TRUE";"Yes";"ID_6954258";"Tr+¡kala, O Platanos";171,041660309;709;145,9783363;678;FALSE
39,707218;21,003611;284;28,4921739183348;45,00591893892;16,5137450205852;57,958880455796;"FALSE";"No";"0";"";138,583335876;944;122,213335;918;FALSE
39,708611;21,65333;305;57,2208610579272;45,7322924586393;-11,488568599288;-20,0775877658632;"TRUE";"Yes";"ID_6954079";"Tr+¡kala, SO Kalambaka";153,083333969;712;152,5800037;708;FALSE
39,71944;22,09667;326;32,0720122146025;29,6028900785031;-2,46912213609946;-7,69868170284388;"TRUE";"No";"0";"";165,416660309;543;142,5783348;555;FALSE
39,7533;22,8506;555;26,2293764208844;41,9587901637912;15,7294137429068;59,9686911747648;"FALSE";"No";"0";"";161,958332062;438;151,7222214;426;FALSE
39,758888;21,084721;131;41,3299772471845;29,4093360664765;-11,920641180708;-28,84260281445;"TRUE";"No";"0";"";127,666664124;925;89,27833557;907;FALSE
39,762779;22,584721;345;41,0952813385423;31,6059554394498;-9,48932589909248;-23,091035247866;"TRUE";"No";"0";"";148,374996185;489;132,3433304;486;FALSE
39,798889;22,028891;323;31,5227679169371;30,4479180602913;-1,07484985664576;-3,4097572252475;"TRUE";"Yes";"ID_6954220";"L+írisa, O Verdikousa";155,249996185;567;148,9883327;546;FALSE
39,8239;2,88306;7;41,4832449335919;31,7075675653475;-9,77567736824446;-23,5653632783399;"TRUE";"Yes";"ID_6953098";"Monasterio de Lluc/Clot d''Albarca, Llucmajor, province of Baleares";150,083332062;744;137,8983307;737;FALSE
39,852219;21,32222;290;31,6955774297443;55,161925853514;23,4663484237697;74,0366648179378;"FALSE";"No";"0";"";116,166667938;845;106,7616653;798;FALSE
39,895561;22,458611;340;35,9523303454368;31,6870739326037;-4,26525641283313;-11,8636438079305;"TRUE";"Yes";"ID_6954232";"L+írisa, NNW Gonni";143,374996185;514;126,9866657;509;FALSE
39,900002;22,07139;325;36,5446755080749;30,812439708088;-5,73223579998693;-15,6855567063944;"TRUE";"No";"0";"";156,875;536;138,2400036;514;FALSE
39,910278;22,367781;333;30,1301654187462;56,6297930650219;26,4996276462758;87,9504884158001;"FALSE";"Yes";"ID_6954231";"L+írisa, N Rodia";135,458335876;553;115,8733368;563;FALSE
39,924;-0,876;189;47,7940176661762;33,0567104427531;-14,7373072234231;-30,8350457715395;"TRUE";"Yes";"ID_6954339";"Abejuela, barranco de Santa Margarita";110,583333969;499;100,4316711;490;FALSE
39,92889;22,169439;329;33,6329459896838;45,3136260663218;11,680680076638;34,7298749274618;"FALSE";"No";"0";"";149,000005722;508;140,8749962;494;FALSE
39,92944;22,445829;338;32,7185292320934;26,1155103199341;-6,60301891215922;-20,1812827994798;"TRUE";"No";"0";"";123,333330154;571;100,0083351;592;FALSE
39,95;-0,72;182;56,4918396874518;30,2226912218611;-26,2691484655907;-46,5007842033966;"TRUE";"Yes";"ID_6954620";"Nacimiento del r+¡o Palancia";131,000003815;408;122,4066639;418;FALSE
39,95;-0,78;184;58,847913082776;38,101013683158;-20,7468993996181;-35,2551149442382;"TRUE";"Yes";"ID_6954042";"Rambla de las Maricas";120,333328247;438;105,0516701;457;FALSE
39,95;-0,84;187;57,7431871260379;29,7437574148125;-27,9994297112254;-48,4895813771244;"TRUE";"Yes";"ID_6954098";"Collado de la Baraja";104,833335876;526;92,64499664;522;FALSE
39,96;-0,78;185;57,7507358468272;24,3479339234998;-33,4028019233274;-57,8396126621173;"TRUE";"Yes";"ID_6954039";"Rambla de las Maricas";124,416666031;423;105,0516701;457;FALSE
39,96;-0,79;186;57,7431871260379;28,4366129364869;-29,306574189551;-50,7533020745506;"TRUE";"Yes";"ID_6954044";"Rambla de las Maricas";124,416666031;423;105,0516701;457;FALSE
39,96;-0,84;188;47,8163404705511;27,0064684971616;-20,8098719733895;-43,5204195231247;"TRUE";"Yes";"ID_6954100";"Pozo Junco";106,083335876;512;92,64499664;522;FALSE
39,9786;-1,6625;205;45,7992729891353;43,8818946809852;-1,91737830815007;-4,18648197451719;"TRUE";"Yes";"ID_6954390";"Boniches, province of Cuenca";130,249996185;451;114,3416691;464;FALSE
40,02889;-0,62972;583;56,1079474550884;42,4005624048879;-13,7073850502006;-24,4303804931959;"TRUE";"Yes";"GE_663337";"Comunidad Valenciana Castell+¦n Pina de Montalgrao. Track to antenna in Monte de Santa Barbara.";125,166664124;422;115,7816696;426;FALSE
40,03;-0,62;572;32,7793306728643;40,7603487894884;7,98101811662409;24,347715321811;"FALSE";"Yes";"ID_6954088";"NA";130,749998093;409;115,7816696;426;FALSE
40,03083;22,173889;330;29,435459994782;47,0801883453329;17,6447283505509;59,9437832929357;"FALSE";"No";"0";"";143,500003815;508;127,1000004;497;FALSE
40,05;-0,95;191;57,1070666815425;32,639761279255;-24,4673054022876;-42,844619456169;"TRUE";"Yes";"ID_6954550";"Torrijas; S-¬ Javalambre,pr.Collado de la Salt";106,041669846;505;92,17000008;514;FALSE
40,05;-1,13;195;49,5082058795561;30,242568426562;-19,2656374529941;-38,9140287164994;"TRUE";"Yes";"ID_6954344";"Ermita de San Roque";122,624998093;433;97,06666946;492;FALSE
40,05;-1,4;196;58,6145340193902;42,0757432494309;-16,5387907699593;-28,2161942368903;"TRUE";"Yes";"ID_6954357";"Barranco de la Serna";121,000003815;466;105,0716686;484;FALSE
40,06;-1,11;194;54,8660757655107;38,9414710154255;-15,9246047500852;-29,0245010744792;"TRUE";"Yes";"ID_6954346";"Barranc de la Hoz";99,8333358765;551;84,06999588;569;FALSE
40,063611;18,466389;130;26,8078564895075;29,1222344296651;2,31437794015764;8,63320773543937;"FALSE";"No";"0";"";181,124992371;681;167,1547699;658;FALSE
40,07917;21,37722;294;51,5509038937168;45,5817133532661;-5,96919054045064;-11,579216055566;"TRUE";"No";"0";"";142,541666031;746;125,8850002;722;FALSE
40,083333;21,95;322;50,2160921688054;32,6260539717585;-17,5900381970469;-35,0286878913568;"TRUE";"No";"0";"";123,874998093;572;102,2916698;579;FALSE
40,093609;22,2075;332;32,2463665385088;29,4167125068472;-2,82965403166166;-8,77510968028745;"TRUE";"No";"0";"";122,583332062;554;110,9283352;528;FALSE
40,103889;21,240561;288;28,7518022850983;32,4159296035208;3,66412731842251;12,7439917751576;"FALSE";"No";"0";"";121,416664124;829;110,0066662;782;FALSE
40,114719;21,212219;286;32,8636026715171;42,1919519034189;9,32834923190183;28,3850475102863;"FALSE";"No";"0";"";121,416664124;829;104,8649979;802;FALSE
40,130001;21,39389;295;30,6880396945762;47,8778084303558;17,1897687357796;56,0145545523968;"FALSE";"No";"0";"";136,291666031;738;124,9900055;719;FALSE
40,177502;21,36694;293;32,5975204630611;33,2751271484248;0,677606685363742;2,07870621979237;"FALSE";"No";"0";"";131,958332062;749;119,7700024;714;FALSE
40,18417;21,50028;298;30,0226965257279;45,5839900781976;15,5612935524697;51,8317651418634;"FALSE";"No";"0";"";142,041664124;660;125,4716682;641;FALSE
40,193329;21,31111;289;33,722666068905;35,3330344143828;1,61036834547774;4,77532927612335;"FALSE";"No";"0";"";132,583332062;773;116,121664;747;FALSE
40,19611;22,299999;23;29,5917960186522;31,0970670118679;1,50527099321573;5,08678483815898;"FALSE";"No";"0";"";139,958333969;480;123,5099983;472;FALSE
40,223888;21,540001;301;43,3783840284061;30,8693114059886;-12,5090726224175;-28,8371107006337;"TRUE";"No";"0";"";140,625;666;119,2716694;636;FALSE
40,233333;20,966667;283;47,9205457816196;30,0949727366648;-17,8255730449548;-37,1981845244175;"TRUE";"Yes";"ID_6954330";"6 km from the village of Eptachori along main road to Konitsa";119,083337784;905;102,7283287;872;FALSE
40,2551;-4,8944;228;48,5653848976286;32,1890284689404;-16,3763564286883;-33,7202237009098;"TRUE";"Yes";"ID_6954536";"Macizo oriental de la Sierra de Gredos, Pedro Bernardo-Gavilanes, camino del [ilegible]";122,916669846;589;139,7683334;364;FALSE
40,2658;21,5431;543;33,7576268091733;52,0339198640914;18,276293054918;54,1397449478042;"FALSE";"Yes";"GE_222546";"From Grevena to Deskati. 3 Km after Eleftherochori";112,041664124;729;95,38666725;708;FALSE
40,2756;-4,87667;459;31,0662231376089;41,9456459582313;10,8794228206224;35,0201013249395;"FALSE";"Yes";"ID_6954405";"El Zahurdon, en camino rural despues de la Fuente de la Sarna, Gavilanes, province of Avila";122,916669846;589;132,3550034;389;FALSE
40,283329;21,43556;296;30,776160141759;50,2295597068548;19,4533995650959;63,2093135579325;"FALSE";"No";"0";"";139,499998093;700;122,9283333;678;FALSE
40,283333;21,55;149;35,9832881261402;31,0413600336445;-4,94192809249575;-13,7339535930449;"TRUE";"Yes";"ID_6953097";"Mt Siniatsiko. Southern slopes, between Siatista and Galatini, near highest point on road";112,041664124;729;95,38666725;708;FALSE
40,28611;21,340561;292;30,8802804538076;29,3509105249588;-1,52936992884888;-4,9525778470069;"TRUE";"No";"0";"";135,958337784;744;119,4033337;720;FALSE
40,291111;21,459999;297;43,2252774128039;31,2354483442757;-11,9898290685282;-27,7380037472625;"TRUE";"No";"0";"";140,375003815;680;123,8366699;660;FALSE
40,29361;21,54833;303;29,0688505266892;41,4741435944337;12,4052930677445;42,6755542203319;"FALSE";"Yes";"ID_6954053";"Koz+íni, S Galatini";116,750001907;698;95,38666725;708;FALSE
40,298328;21,655279;306;32,4594075932274;46,9948940439326;14,5354864507052;44,7805044160388;"FALSE";"No";"0";"";125,333337784;633;114,9216652;576;FALSE
40,299999;21,235001;287;27,9144364715049;55,6444897938699;27,730053322365;99,3394702797309;"FALSE";"No";"0";"";131,499996185;804;114,8400021;758;FALSE
40,3167;-4,55;438;45,4775615600569;47,739466501785;2,26190494172811;4,97367243127378;"FALSE";"Yes";"ID_6954548";"Monte de Casillas, Santa Maria del Tietar, province of Avila";138,291664124;404;124,0333366;384;FALSE
40,404;-1,627;198;49,7730893104566;41,6655922465289;-8,10749706392765;-16,2889167143266;"TRUE";"Yes";"ID_6954259";"Villar del Cobo, hoces del Guadalaviar";101,541662216;598;88,57832909;584;FALSE
40,4112;-7,1732;242;49,7071551412367;28,8021117136728;-20,9050434275639;-42,056406905937;"TRUE";"No";"0";"";139,166669846;1056;123,9366627;987;FALSE
40,431;-1,615;197;60,7562674231486;32,9218320032296;-27,8344354199191;-45,8132742521209;"TRUE";"Yes";"ID_6954316";"Noguera de Albarrac+¡n, barranco de Los Polos";106,333332062;560;90,43000221;569;FALSE
40,442219;21,50528;299;45,2979753902367;29,2310928685198;-16,066882521717;-35,4693170794118;"TRUE";"Yes";"ID_6954095";"Koz+íni, S Sisani";110;718;93,47000122;695;FALSE
40,483891;21,585831;304;30,5350878124911;46,9347237297227;16,3996359172316;53,70751188907;"FALSE";"No";"0";"";130,166664124;634;113,6516666;615;FALSE
40,493889;21,833891;318;32,7922425249839;48,9772052485529;16,184962723569;49,3560716722496;"FALSE";"No";"0";"";123,541669846;579;107,0899963;562;FALSE
40,51556;23,140829;355;32,9047520839895;31,5445275487585;-1,36022453523099;-4,13382398918858;"TRUE";"No";"0";"";157,875003815;476;141,8799973;471;FALSE
40,5264;-1,8797;201;51,804433362611;34,0689930732744;-17,7354402893366;-34,2353716431862;"TRUE";"Yes";"ID_6954505";"Peralejos de las Truchas pr. Las Juntas, sobre r+¡o Hoz Seca";104,541664124;615;85,15166283;633;FALSE
40,58;-0,25;600;29,6200669841655;47,8394993298334;18,2194323456678;61,5104360007278;"FALSE";"Yes";"ID_6954014";"NA";118,916664124;477;104,4149971;490;FALSE
40,6;17,15;99;33,9504842732442;50,0576291519898;16,1071448787456;47,4430489683454;"FALSE";"Yes";"GE_222001";"Puglia. Massafra";163,708324432;612;149,216671;584;FALSE
40,60194;21,79917;316;32,0865284097416;51,3745235574017;19,28799514766;60,1124400288942;"FALSE";"No";"0";"";124,375;576;107,8466702;559;FALSE
40,61;0,16;245;43,335265050624;43,9439707566346;0,608705706010618;1,40464285911147;"FALSE";"Yes";"ID_6954234";"Pe+â-¦a de Bel";138,208332062;503;131,6833305;519;FALSE
40,633333;21,666667;307;47,0189431712055;26,4830190516519;-20,5359241195536;-43,6758521874431;"TRUE";"No";"0";"";137,333335876;597;120,170002;579;FALSE
40,666577;17,251968;264;27,9482602809104;29,1575999556943;1,20933967478387;4,32706602353311;"FALSE";"Yes";"ID_6954660";"14 km from Massafra to Martina Franca";152,958335876;608;138,4000015;586;TRUE
40,733333;22,966667;352;35,5686795083891;26,0013249288063;-9,56735457958272;-26,898256308127;"TRUE";"No";"0";"";155,333337784;459;139,0683365;451;FALSE
40,735001;21,738609;310;35,2105537223693;31,7110150560048;-3,49953866636445;-9,93889131638732;"TRUE";"Yes";"ID_6954084";"Fl+¦rina, SW Ag. Panteleimon";135,749998093;580;124,3900013;532;FALSE
40,816667;21,783333;314;41,9405210609565;26,8462575161145;-15,094263544842;-35,989690073006;"TRUE";"Yes";"ID_6954430";"5 km NW of Arnissa.";124,750003815;596;120,1900005;531;FALSE
40,85;0,33;246;48,4947466441552;30,9469433315808;-17,5478033125744;-36,1849571899751;"TRUE";"Yes";"ID_6954641";"Roquetes; Mass+¡s del Port, Roquetes, sota el Coll de la Carrasqueta";127,124996185;567;123,9833355;570;FALSE
40,850177;16,88736;113;26,0626265115877;28,3177548492249;2,25512833763714;8,65272859830334;"FALSE";"No";"0";"";156,791667938;612;141,6933346;589;FALSE
40,876389;23,901939;376;46,4457510983422;33,6966836359449;-12,7490674623972;-27,44937300164;"TRUE";"No";"0";"";160,874996185;506;130,6000042;525;FALSE
40,8767;0,332222;180;55,7338956401893;28,655833053137;-27,0780625870523;-48,5845503459236;"TRUE";"Yes";"ID_6954384";"Mas de Quiquet/Refugio de les Clotes Punta Serena, Horta de Sant Joan, province of Tarragona";140,458335876;532;123,9833355;570;FALSE
40,94;0,33;247;48,3103424059585;44,8486896600984;-3,46165274586013;-7,16544858401412;"TRUE";"Yes";"ID_6954604";"Pa++ls; Mass+¡s del Port, Pa++ls, dalt la Font del Montsagre";153,75;502;129,3716621;542;FALSE
40,95;24,1;33;32,7477796445985;48,2125098122599;15,4647301676614;47,2237517642276;"FALSE";"Yes";"ID_6953349";"Mt Pangeo: S of the monastery Ikosifinisis";107,666664124;616;91,68167114;608;FALSE
40,967136;24,771738;387;32,7907879438545;31,9897488112756;-0,801039132578904;-2,44287857294088;"TRUE";"Yes";"ID_6953998";"UTM25_35T_0300_4525";162,916660309;545;147,9349995;535;FALSE
40,969719;24,90694;391;33,5715279753936;29,4638371291016;-4,10769084629203;-12,2356386319466;"TRUE";"Yes";"ID_6954011";"Xanthi, Mangana";162,958335876;539;147,912035;530;FALSE
40,983333;23,25;356;28,6104924578746;46,2913548625202;17,6808624046455;61,798525246213;"FALSE";"No";"0";"";141,166667938;493;124,7966671;482;FALSE
40,9936;-1,0991;193;59,7958266268598;43,1689784853367;-16,6268481415231;-27,80603443327;"TRUE";"Yes";"ID_6954668";"Calamocha, vers. Piedrahita, chemin forestier de Piedrahita +á Loscos";107,458333969;530;93,17832947;518;FALSE
41,016667;26,05;398;32,0369725292704;30,142270993792;-1,89470153547845;-5,91410918665102;"TRUE";"Yes";"ID_6954399";"22 km from Loutros along road to Dadia";142,041664124;618;126,6699982;611;FALSE
41,0222;-4,0837;221;43,831309573951;48,1862392678553;4,35492969390424;9,93565954618973;"FALSE";"No";"0";"";125,708332062;484;108,6299992;484;FALSE
41,0313;-4,0838;222;62,6826590235159;45,9154202912841;-16,7672387322318;-26,7494056465305;"TRUE";"No";"0";"";125,708332062;484;108,6299992;484;FALSE
41,0328;-4,07111;428;41,7985283588506;30,5259175525022;-11,2726108063483;-26,9689179235456;"TRUE";"No";"0";"";123,708333969;491;108,6299992;484;FALSE
41,037498;23,284719;359;47,0833527502736;43,8387000637268;-3,2446526865468;-6,89129489940145;"TRUE";"No";"0";"";145,666666031;478;138,7800026;457;FALSE
41,0386;-1,06833;190;57,8618452803096;28,586388603128;-29,2754566771815;-50,5954425327393;"TRUE";"No";"0";"";114,250001907;490;98,38999748;496;FALSE
41,04;-1,04;192;50,9105116352908;39,1177661057649;-11,7927455295259;-23,1636751443513;"TRUE";"No";"0";"";118,999996185;462;103,3133316;468;FALSE
41,058331;24,593889;385;35,6025192252457;31,4056645219706;-4,19685470327516;-11,7880835249972;"TRUE";"No";"0";"";146,25;580;130,5416679;572;FALSE
41,073059;23,594721;369;30,5539444161752;30,8575411250241;0,303596708848858;0,99364162189198;"FALSE";"Yes";"ID_6954192";"S+®rrai, NW Monovrysi";163,083324432;482;146,7283344;473;FALSE
41,1;26,066667;399;33,6743567414404;29,8042878325998;-3,87006890884064;-11,4926290606111;"TRUE";"Yes";"ID_6954389";"Between areas called Pessani and Tris Vrises, SE of Mt Silo (Sapka).";136,541671753;641;124,0183353;622;FALSE
41,100559;23,629721;370;30,3843015155854;33,6964474938952;3,31214597830979;10,90084620379;"FALSE";"No";"0";"";152,624998093;517;136,2549973;508;FALSE
41,107498;24,782499;388;40,2927699776669;49,1965660995578;8,90379612189084;22,0977513504927;"FALSE";"Yes";"ID_6954007";"Xanthi, N Galani";149,416666031;580;139,8149967;566;FALSE
41,109718;23,557501;368;44,2662622038098;31,03378689906;-13,2324753047498;-29,8929131260849;"TRUE";"Yes";"ID_6954309";"S+®rrai, NO Serres";159,833335876;488;143,5000038;477;FALSE
41,1144;-3,835;216;48,082143974636;55,1138452606045;7,03170128596846;14,6243505482571;"FALSE";"Yes";"ID_6954574";"Pedraza  Las Torcas";122,124996185;489;104,5149994;504;FALSE
41,116669;24,37833;380;33,4673239154552;48,5042509642088;15,0369270487535;44,9301745390209;"FALSE";"No";"0";"";128,208332062;594;112,4816704;585;FALSE
41,118889;24,31917;379;33,5539533415474;31,7676455160781;-1,78630782546929;-5,32368811295163;"TRUE";"No";"0";"";151,208333969;552;124,8916626;555;FALSE
41,1253;-3,82722;381;30,7388505236498;39,3230953973551;8,58424487370524;27,9263691630261;"FALSE";"Yes";"ID_6954391";"Pedraza, province of Segovia";123,833332062;472;104,5149994;504;FALSE
41,133333;25,9;396;43,4952434071477;40,1077661026183;-3,38747730452936;-7,78815575951618;"TRUE";"No";"0";"";121,000003815;688;105,2916622;679;FALSE
41,133888;24,746389;386;58,2510011522262;31,3894246826064;-26,8615764696198;-46,1135018081886;"TRUE";"Yes";"ID_6954008";"Xanthi, NW Galani";139,166669846;575;133,8033295;572;FALSE
41,14444;24,881109;389;32,094644138885;31,176738193027;-0,917905945858028;-2,85999726897086;"TRUE";"No";"0";"";154,250001907;574;138,5700035;567;FALSE
41,145828;24,719721;35;35,1874124207095;26,1538044774111;-9,03360794329843;-25,6728395805021;"TRUE";"Yes";"ID_6953025";"Xanthi, SW Komnina";139,166669846;575;123,5033321;566;FALSE
41,150002;23,441111;366;41,7824434108512;31,0425951024297;-10,7398483084215;-25,7042131375981;"TRUE";"No";"0";"";160,083332062;481;139,1966629;479;FALSE
41,160278;24,299721;378;32,5419691205659;32,886016736263;0,344047615697114;1,05724276985956;"FALSE";"No";"0";"";152,749996185;549;136,8400002;538;FALSE
41,17083;25,424999;395;32,9125213104958;27,7480628970333;-5,1644584134625;-15,6914700175691;"TRUE";"Yes";"ID_6954012";"Rodopi, N Komotini";144,583330154;590;138,5516644;566;FALSE
41,1875;23,389999;363;46,5725885594926;25,6069037531326;-20,9656848063601;-45,0172203324669;"TRUE";"No";"0";"";158,999996185;476;142,5883293;465;FALSE
41,22361;22,93083;351;31,3845858945041;44,5011739008766;13,1165880063724;41,7930892905913;"FALSE";"Yes";"ID_6954280";"S+®rrai, SW Theodorio";148,333330154;468;131,8900013;458;FALSE
41,259171;23,403061;365;36,0494070118345;39,4122944351947;3,36288742336023;9,32855129144355;"FALSE";"Yes";"ID_6954291";"S+®rrai, NO Sidirokastro";150,291662216;484;128,1383324;483;FALSE
41,282219;23,32667;361;28,996671814973;30,9805160784282;1,98384426345518;6,84162746715912;"FALSE";"Yes";"ID_6954302";"S+®rrai, O Neo Petritsi";157,5;474;139,0566635;465;FALSE
41,285561;23,016109;353;30,0439017131637;24,6794651564192;-5,36443655674445;-17,8553258759798;"TRUE";"Yes";"ID_6954281";"S+®rrai, S Kato Poroia";150,791664124;477;134,3166637;466;TRUE
41,28833;24,50111;384;32,4644094348567;31,3946650405471;-1,06974439430954;-3,29512969104242;"TRUE";"No";"0";"";149,208335876;543;133,2633305;531;FALSE
41,306;-6,461;236;39,6815351336893;54,7955451683762;15,1140100346869;38,0882694778993;"FALSE";"Yes";"ID_6954378";"Bemposta: a jusante da barragem de Bemposta, concelho de Mogadouro";144,750003815;1109;132,5716686;1077;FALSE
41,306938;23,53194;367;31,1624280793814;27,1805676169846;-3,98186046239687;-12,7777606168996;"TRUE";"No";"0";"";137,583332062;523;114,3983364;525;FALSE
41,31;0,91;250;47,3178783203735;32,7261452552632;-14,5917330651103;-30,8376740104756;"TRUE";"No";"0";"";134,916667938;600;115,8399963;634;FALSE
41,31;1,03;251;47,6690307592917;30,3892055653706;-17,2798251939211;-36,2495836787134;"TRUE";"Yes";"ID_6954777";"Montblanc; Els Cogullons";124,250001907;675;115,3866673;660;FALSE
41,33083;24,46583;382;37,7320732512888;31,68849413661;-6,0435791146788;-16,0170873050883;"TRUE";"No";"0";"";143,916664124;549;127,7750015;537;FALSE
41,341389;23,35;362;48,1125907980637;26,2792980712674;-21,8332927267963;-45,3795822769848;"TRUE";"Yes";"ID_6954286";"S+®rrai, SSW Promachonas";153,541669846;471;129,8583317;469;FALSE
41,355831;24,55278;34;34,1167340064712;30,2995147597119;-3,81721924675926;-11,1887006711581;"TRUE";"Yes";"ID_6953024";"Drama, SO Prasinada";130,583333969;590;114,4466686;575;FALSE
41,362782;24,02417;377;34,1715310486198;54,9825117333905;20,8109806847707;60,9015166899034;"FALSE";"No";"0";"";121,916666031;573;105,3683376;556;FALSE
41,38306;23,401939;364;30,1022734311792;35,59826957401;5,4959961428308;18,25774440391;"FALSE";"Yes";"ID_6954279";"S+®rrai, WNW Angistro";153,249998093;481;112,001667;508;FALSE
41,41623;9,14844;56;32,7648843989051;31,240007034445;-1,52487736446017;-4,65399891510414;"TRUE";"No";"0";"";180,416660309;501;165,9745407;489;FALSE
41,41667;9,18333;59;32,5506995361267;59,51715609352;26,9664565573933;82,8444762837258;"FALSE";"No";"0";"";179,750003815;509;165,8854103;487;FALSE
41,4333;-3,96667;419;42,3440344870126;33,2277052083632;-9,11632927864945;-21,5291938736861;"TRUE";"No";"0";"";130,708332062;412;112,4466705;429;FALSE
41,53;-6,47;237;50,1347446123183;32,8078526508139;-17,3268919615043;-34,5606467041762;"TRUE";"Yes";"ID_6954159";"Bragan+ºa; Vimioso, Ca+ºarelhos, Minas de Santo Adri+ío";140,208330154;989;122,2166634;939;FALSE
41,5336;-6,4781;238;48,0536949662298;27,2696820535388;-20,784012912691;-43,251643660903;"TRUE";"Yes";"ID_6954162";"Bragan+ºa, Vimioso, Ca+ºarelhos, Minas de Santo Adri+úo";140,208330154;989;126,1716652;949;FALSE
41,7148;-1,8112;200;60,6419327649049;34,0591112880055;-26,5828214768994;-43,8357094915741;"TRUE";"No";"0";"";95,3750038147;689;88,84333611;612;FALSE
41,71667;9,35;66;36,0250130768207;34,450500217771;-1,57451285904969;-4,37061009719041;"TRUE";"No";"0";"";173,500003815;572;169,2399979;516;FALSE
41,71667;9,36667;67;38,5597379721863;32,1143414688357;-6,44539650335059;-16,7153534808762;"TRUE";"No";"0";"";173,500003815;572;171,4629555;501;FALSE
41,72472;34,5825;3;36,8615779218166;30,5717057696313;-6,28987215218539;-17,0634913283588;"TRUE";"No";"0";"";84,4166660309;691;80,59833527;676;FALSE
41,759909;-6,752922;241;48,7450795673334;26,5834009672799;-22,1616786000535;-45,4644423534907;"TRUE";"No";"0";"";133,041667938;853;119,8483372;825;FALSE
41,76724;9,30538;65;34,8345238585701;60,5425766336997;25,7080527751296;73,8004999853178;"FALSE";"Yes";"ID_6953116";"NA";149,083337784;702;135,1383305;685;FALSE
41,8167;-6,75;240;47,911573577738;30,6723960766056;-17,2391775011325;-35,98123838108;"TRUE";"No";"0";"";139,750003815;850;125,9916687;809;FALSE
41,83333;9,36667;69;33,2093728199304;36,0351705786514;2,82579775872103;8,50903681332141;"FALSE";"No";"0";"";164,333343506;614;162,4926376;546;FALSE
41,84289;-6,65127;239;46,2104447406274;40,4610827524463;-5,74936198818111;-12,4416936916566;"TRUE";"Yes";"ID_6954003";"NA";133,708333969;825;117,2149944;798;FALSE
42,04556;27,41833;400;46,3112243935237;30,507771685433;-15,8034527080907;-34,1244545248964;"TRUE";"Yes";"ID_6954417";"Strandja Mt., NW of Malko Tarnovo, along river Churka, near Brashlian";136,333332062;626;115,5133343;607;FALSE
42,23333;9,16667;58;32,8892317278358;57,2076677549197;24,3184360270839;73,9404198563322;"FALSE";"Yes";"ID_6953161";"secteur Rotondu : Venaco - Venaco/Collectivit+® Territoriale de Corse";148,458337784;788;134,7866631;768;FALSE
42,26667;9,16667;563;30,442955103397;31,0362827178711;0,593327614474116;1,94898166902302;"FALSE";"Yes";"ID_6954646";"secteur Rotondu : 42.16 N 9.10 E - entre Corte et San Pietro di Venaco, +á 5 km de Corte/Collectivit+® Territoriale de Corse";149,833335876;786;136,1866665;767;FALSE
42,31176;9,24263;62;35,5430101546265;35,6866969082141;0,143686753587602;0,404261633897934;"FALSE";"Yes";"ID_6953049";"NA";145,541667938;823;127,8549957;811;FALSE
42,31667;9,23333;60;44,8132111760944;48,607862000234;3,7946508241396;8,46770567105411;"FALSE";"Yes";"ID_6953157";"secteur San Petrone : Ecaille de Campettine - secteur San Petrone, entre Lanu et le Monte Sant'Angelu, ravin de Canale/Collectivit+® Territoriale de Corse";145,541667938;823;127,8549957;811;FALSE
42,31878;9,1219;55;34,4672188439695;54,9540297859984;20,486810942029;59,438537918511;"FALSE";"Yes";"ID_6953051";"NA";113,916664124;932;131,1583328;805;FALSE
42,3358;1,33972;357;30,9886402983562;45,6029699343853;14,6143296360291;47,1602803328041;"FALSE";"No";"0";"";107,708330154;857;106,9316673;737;FALSE
42,38333;9,23333;61;35,9955898963447;41,2021148374934;5,20652494114866;14,4643412044134;"FALSE";"Yes";"ID_6953156";"secteur San Petrone : Chapelle de Sant'Angelo (Lano) - secteur San Petrone, Monte Sant'Angelu de Lanu, versant SW, Bioli/Collectivit+® Territoriale de Corse";142,166662216;846;115,1383305;860;FALSE
42,38333;9,25;63;35,9957633172728;42,9924271048886;6,99666378761573;19,4374646981255;"FALSE";"Yes";"ID_6953154";"secteur San Petrone : Lano - secteur San Petrone, entre Lanu et le Monte Sant'Angelu, ravin de Canale/Collectivit+® Territoriale de Corse";146,416664124;825;115,1383305;860;FALSE
42,40135;9,25221;64;35,5418447616375;62,7382914418814;27,196446680244;76,5195134429229;"FALSE";"No";"0";"";146,416664124;825;132,6850033;803;FALSE
42,411119;11,145667;255;45,2189938864654;57,6664060332682;12,4474121468027;27,5269551066424;"FALSE";"Yes";"ID_6954495";"NA";158,166666031;497;142,7986145;484;FALSE
42,5147;18,7;140;28,0878509648675;28,8827524810194;0,794901516151974;2,83005459245082;"FALSE";"No";"0";"";152,583332062;1388;111,7883301;1254;FALSE
42,514999;18,634713;119;30,7670144138434;26,5231246966475;-4,24388971719591;-13,7936351578085;"TRUE";"No";"0";"";128,666667938;1302;112,3449993;1257;FALSE
42,514999;18,756398;120;34,2047255577671;34,8322828921318;0,627557334364688;1,83470945646042;"FALSE";"No";"0";"";125,291662216;1296;108,9349937;1251;FALSE
42,5261;1,24778;261;41,772563558547;31,1659515100773;-10,6066120484697;-25,3913361903295;"TRUE";"No";"0";"";105,749998093;901;81,2899971;971;FALSE
42,58;0,34;248;52,2440635947512;30,914304193612;-21,3297594011392;-40,8271446237237;"TRUE";"No";"0";"";73,1666660309;1137;57,68499851;1142;FALSE
42,58263;2,33091;272;46,0922031753079;44,2340377113918;-1,85816546391614;-4,03140951377126;"TRUE";"Yes";"ID_6954103";"NA";122,458333969;821;114,7599983;777;FALSE
42,5833;18,2833;121;35,2506872872872;27,5199767301564;-7,73071055713073;-21,9306661856739;"TRUE";"Yes";"GE_222010";"Koroz";175,416660309;1293;154,5149994;1252;FALSE
42,58333;9,05;562;31,1411603365618;30,6536235159359;-0,487536820625884;-1,56557050333633;"TRUE";"No";"0";"";141,625003815;917;127,8849983;891;FALSE
42,59456;9,02886;561;28,4282694186159;32,8997353176452;4,47146589902928;15,7289416150714;"FALSE";"No";"0";"";166,625003815;848;127,8849983;891;FALSE
42,61;-2,5;202;50,4694592848;44,2970848400971;-6,17237444470298;-12,2299199004138;"TRUE";"Yes";"ID_6954642";"Bernedo; Pe+¦a Alta";115,749998093;689;102,5783348;670;FALSE
42,616005;-2,507488;203;47,2976395429546;32,3170248112963;-14,9806147316583;-31,6730705304084;"TRUE";"Yes";"ID_6954569";"Pe+¦a Alta";117,333335876;679;102,5783348;670;FALSE
42,65;2,566667;275;46,1062317326199;45,6453261759108;-0,460905556709079;-0,999660001237948;"TRUE";"No";"0";"";148,375005722;662;134,5483303;655;FALSE
42,651132;2,401886;273;46,1037893264754;31,1643688349482;-14,9394204915271;-32,4038885084617;"TRUE";"Yes";"ID_6954678";"Molitg les Bains";132,583332062;781;125,3733349;733;FALSE
42,66972;27,57972;401;37,3059601281421;30,8752593444783;-6,43070078366383;-17,2377302757389;"TRUE";"Yes";"ID_6954416";"East Stara Planina Mt., 20 km NNE of Burgas, NE of Kableshkovo, hill Bibernata";135,166664124;591;124,9183369;546;FALSE
42,6742;2,69539;276;43,2114113114882;29,2864208770652;-13,9249904344229;-32,2252618273564;"TRUE";"No";"0";"";159,166669846;588;144,4566631;589;FALSE
42,76369;2,57289;167;57,5407414186195;28,6901858724972;-28,8505555461223;-50,1393531519331;"TRUE";"No";"0";"";147,5;674;137,2283363;642;FALSE
42,808;-5,036;229;66,742461125953;33,2547281302287;-33,4877329957243;-50,1745551943731;"TRUE";"No";"0";"";108,583335876;739;95,94833374;719;FALSE
42,825;-5,11;231;41,0145801153391;37,2531975441849;-3,76138257115417;-9,17084256519657;"TRUE";"No";"0";"";105,625;780;93,08833122;757;FALSE
42,85431;2,81667;168;43,3833949196265;28,954326098522;-14,4290688211045;-33,2594275939821;"TRUE";"No";"0";"";152,208328247;641;142,871666;595;FALSE
42,85445;2,93889;170;43,8051312082371;33,5094165459331;-10,2957146623039;-23,5034444101104;"TRUE";"No";"0";"";163,75;556;149,1059017;554;FALSE
42,89858;2,95633;171;43,7216139465045;34,935098011369;-8,78651593513553;-20,0965040903711;"TRUE";"Yes";"ID_6953886";"NA";156,374998093;600;147,6633358;559;FALSE
42,94423;2,81638;279;48,3551551104638;28,8734675976218;-19,481687512842;-40,2887499137115;"TRUE";"Yes";"ID_6954087";"NA";150,124998093;645;131,9783306;672;FALSE
42,94437;2,93879;169;43,6702112188822;32,9515910571622;-10,71862016172;-24,5444660388669;"TRUE";"Yes";"ID_6953836";"NA";155,749998093;600;140,9566689;597;FALSE
42,9473;11,868945;258;33,7327179503834;29,3549410709808;-4,37777687940259;-12,9778361940527;"TRUE";"Yes";"ID_6954433";"NA";130,166664124;645;122,784996;609;FALSE
42,96808;2,98863;172;46,328342795644;31,8669551806627;-14,4613876149813;-31,2149900953096;"TRUE";"Yes";"ID_6953872";"NA";162,666664124;561;150,0813484;542;FALSE
43,120632;11,39704;257;34,5616349657567;29,7895531553222;-4,77208181043447;-13,807453886839;"TRUE";"No";"0";"";156,541662216;658;139,7500038;651;FALSE
43,149998;5,916667;521;44,092488662867;63,0107175272762;18,9182288644092;42,90578608311;"FALSE";"Yes";"ID_6954673";"Mont Faron, near Toulon";159,708337784;710;144,9683285;703;FALSE
43,164774;18,149888;118;25,84551871286;26,5575326779754;0,712013965115428;2,75488363389337;"FALSE";"No";"0";"";109,041671753;1132;93,61833572;1105;FALSE
43,17218;6,01162;175;34,4263147657856;35,3787284165872;0,952413650801596;2,7665280390341;"FALSE";"Yes";"ID_6953867";"NA";155,958328247;731;147,7649975;706;FALSE
43,17554;5,88881;174;34,8856185493525;37,2278188218694;2,3422002725169;6,71394222006814;"FALSE";"Yes";"ID_6953832";"NA";146,374998093;752;148,2333374;681;FALSE
43,26543;5,89331;519;32,6229217895157;27,6043070653404;-5,01861472417533;-15,3837070650986;"TRUE";"Yes";"ID_6954365";"NA";140,416669846;776;125,423336;770;FALSE
43,26866;5,77029;505;30,1089436637065;46,5710736309237;16,4621299672172;54,6752159460872;"FALSE";"No";"0";"";146,791667938;737;131,7700005;732;FALSE
43,323891;18,129205;117;30,3494892354333;28,7615379245889;-1,58795131084445;-5,23221757877393;"TRUE";"No";"0";"";113,874998093;1146;97,01666832;1110;FALSE
43,3333;17,8333;110;48,5015338299979;27,4806442316186;-21,0208895983792;-43,3406697447122;"TRUE";"No";"0";"";170,249996185;1146;137,7799988;1095;FALSE
43,35533;5,89782;520;30,88626153398;31,4254833645863;0,53922183060638;1,74583068272328;"FALSE";"Yes";"ID_6954328";"NA";141,000003815;761;126,0783386;756;FALSE
43,35856;5,77462;506;32,7233074277726;31,5690786276187;-1,1542288001539;-3,52723758960347;"TRUE";"No";"0";"";138,374996185;774;117,3449993;810;FALSE
43,36165;5,65139;494;25,5094277881885;29,3824149940389;3,87298720585038;15,1825718632688;"FALSE";"No";"0";"";152,333335876;684;127,3866653;741;FALSE
43,392945;16,950277;114;35,1991556078629;28,2198214570689;-6,97933415079402;-19,8281294828418;"TRUE";"Yes";"ID_6953329";"4 km N of Baska Voda, Split-Makarska road";136,916666031;917;108,2800007;919;FALSE
43,433342;17,808054;116;30,0076824552026;28,0053781817236;-2,00230427347904;-6,67263883663194;"TRUE";"No";"0";"";134,499998093;1080;117,5983334;1048;FALSE
43,44185;6,02574;527;31,8355342973064;46,6915065526358;14,8559722553294;46,6647492597176;"FALSE";"No";"0";"";149,041671753;730;136,4633369;725;FALSE
43,44861;16,71222;112;58,070724745468;26,7597961726769;-31,3109285727911;-53,9186116757303;"TRUE";"Yes";"ID_6953062";"Kroatien, ca. 22 km E Split, Tal der Cetina, N-exponierter Hang";158,541669846;869;141,8983364;846;FALSE
43,46;5,28522;470;28,383814596363;54,4033233401092;26,0195087437462;91,6702321860583;"FALSE";"Yes";"ID_6954769";"NA";158,874998093;659;144,5499992;637;FALSE
43,46493;5,03829;173;44,0441149910911;39,3794033490189;-4,66471164207223;-10,5909986907803;"TRUE";"Yes";"ID_6953840";"NA";164,333324432;641;149,2966652;629;FALSE
43,53838;5,78331;507;27,3564987604675;42,697430593704;15,3409318332365;56,0778335252663;"FALSE";"No";"0";"";143,041667938;734;126,9333363;737;FALSE
43,54148;5,6597;495;26,4926959374091;29,3727036831567;2,88000774574759;10,8709500631865;"FALSE";"Yes";"ID_6954133";"NA";143,833332062;747;132,2183323;711;TRUE
43,60262;6,65386;545;30,1917778064712;41,8341140961198;11,6423362896486;38,56128103577;"FALSE";"No";"0";"";150,041666031;832;137,5933361;827;FALSE
43,61066;6,40646;540;31,8066272316807;42,0266812526457;10,220054020965;32,1318382691813;"FALSE";"No";"0";"";134,749994278;829;120,7166672;826;FALSE
43,61447;6,28273;536;28,5454443030032;28,9549935707492;0,409549267745927;1,43472724893912;"FALSE";"Yes";"ID_6954081";"NA";137,708330154;803;116,1950016;829;TRUE
43,6283;5,78767;508;28,0343213500533;65,6436459929867;37,6093246429334;134,154574934492;"FALSE";"No";"0";"";146,666669846;708;126,7650032;732;FALSE
43,6314;5,66387;496;30,3706836803433;34,5244585456049;4,15377486526162;13,6769224854495;"FALSE";"Yes";"ID_6954296";"NA";149,458332062;692;130,7233334;704;FALSE
43,63988;5,29239;471;34,2061827990148;37,9334484177432;3,72726561872837;10,8964675790592;"FALSE";"No";"0";"";151,541662216;706;136,2133312;704;FALSE
43,68826;6,78346;549;32,9006350013892;39,7878124096441;6,88717740825486;20,9332659019014;"FALSE";"No";"0";"";135,124998093;873;119,0283298;866;FALSE
43,6925;6,65959;546;30,5248261061543;39,0027922941234;8,47796618796913;27,774003227687;"FALSE";"No";"0";"";113,958330154;943;110,7916641;893;FALSE
43,70055;6,4118;541;32,7995786922631;44,2452929681932;11,4457142759301;34,8959185827286;"FALSE";"Yes";"ID_6954080";"NA";120,791664124;881;106,7116642;874;FALSE
43,70359;5,08177;462;29,8939140145199;36,3817866779331;6,4878726634132;21,7029883081283;"FALSE";"Yes";"ID_6954049";"NA";157,541666031;714;140,996666;712;FALSE
43,70437;6,28788;537;35,4525510228036;51,01460871945;15,5620576966464;43,895452506751;"FALSE";"Yes";"ID_6954077";"NA";116,916666031;907;103,6083317;890;FALSE
43,70805;6,16395;530;33,3979322923293;56,4589212123982;23,0609889200689;69,0491516607015;"FALSE";"No";"0";"";135,083332062;791;112,9500008;831;FALSE
43,71158;6,04;528;32,1737254588912;64,9271686808066;32,7534432219154;101,801835984971;"FALSE";"Yes";"ID_6954090";"NA";139,291667938;753;126,2883377;741;FALSE
43,71822;5,79205;509;31,2269212822585;51,2927092621671;20,0657879799086;64,2579772707499;"FALSE";"Yes";"ID_6954284";"NA";148,166666031;705;129,6000004;715;FALSE
43,72133;5,66806;497;28,8423168559441;28,0778680493325;-0,764448806611679;-2,65044174651362;"TRUE";"Yes";"ID_6954470";"NA";146,458330154;716;130,9616661;716;TRUE
43,758997;16,959722;115;31,6913866765668;26,0104993311157;-5,6808873454511;-17,9256509140121;"TRUE";"No";"0";"";106,625003815;1079;92,34499931;1044;FALSE
43,76632;5,42433;481;24,5713219878708;57,661724504317;33,0904025164463;134,670826961532;"FALSE";"Yes";"ID_6954146";"NA";147,166662216;735;131,6916656;735;FALSE
43,77814;6,78941;550;30,7104469469859;27,6235734182388;-3,08687352874712;-10,0515421806653;"TRUE";"No";"0";"";99,4583320618;975;86,55833244;962;FALSE
43,78239;6,66535;547;33,1358477446263;43,799228068163;10,6633803235368;32,1807982874561;"FALSE";"No";"0";"";109,916667938;930;90,3266716;943;FALSE
43,8049;5,92062;522;28,6013925949095;63,0127046079455;34,4113120130359;120,313414456471;"FALSE";"Yes";"ID_6954326";"NA";139,333333969;748;123,7633324;747;FALSE
43,80678;5,59821;492;29,4967383811451;58,2400636050586;28,7433252239135;97,4457746904205;"FALSE";"No";"0";"";137,916669846;782;122,3866653;780;FALSE
43,80815;5,79644;510;28,0658504152862;52,2482267795944;24,1823763643082;86,1629917016058;"FALSE";"Yes";"ID_6954361";"NA";150;703;134,4316673;700;FALSE
43,81708;5,42384;479;37,3113239878988;67,1933734354719;29,8820494475731;80,0884188866222;"FALSE";"Yes";"ID_6954213";"NA";126,166667938;887;110,7050037;883;FALSE
43,81977;5,29961;472;32,1201813451312;27,5755529538347;-4,54462839129652;-14,1488254454871;"TRUE";"Yes";"ID_6954195";"NA";142,125005722;784;126,5866661;782;FALSE
43,82001;5,37558;478;32,7050426946834;47,9204959097341;15,2154532150506;46,5232635746538;"FALSE";"Yes";"ID_6954585";"NA";131,625003815;853;116,0883331;849;FALSE
43,82232;5,17537;463;26,6159066894302;37,9914392572958;11,3755325678655;42,7396019252765;"FALSE";"Yes";"ID_6954546";"NA";140,833330154;813;125,3166676;810;FALSE
43,82472;5,05112;455;32,5558682866742;53,2330302395532;20,677161952879;63,5128566401734;"FALSE";"Yes";"ID_6954691";"NA";159,125003815;722;143,7483311;719;FALSE
43,86363;6,91961;552;31,883244810343;47,0797960237497;15,1965512134067;47,6631262087758;"FALSE";"No";"0";"";124,458332062;860;109,1533375;853;FALSE
43,86803;6,79538;551;31,2404700229587;48,4189499266479;17,1784799036892;54,9879047628436;"FALSE";"No";"0";"";113,458328247;912;98,1099987;905;FALSE
43,87228;6,67112;548;27,8910156352091;57,5709963290636;29,6799806938545;106,414126620714;"FALSE";"Yes";"ID_6954702";"NA";106,750001907;947;91,33000374;941;FALSE
43,87639;6,54684;544;31,3242282629131;49,5727226998998;18,2484944369867;58,2568045534019;"FALSE";"Yes";"ID_6954331";"NA";104,541664124;961;96,54500008;922;FALSE
43,89809;5,80085;511;28,7485137438445;48,2651249050941;19,5166111612496;67,8873744053234;"FALSE";"Yes";"ID_6954205";"NA";139,875001907;753;124,1583347;752;FALSE
43,90121;5,67647;498;28,5191732566615;26,6136090343827;-1,90556422227886;-6,68169517092771;"TRUE";"Yes";"ID_6954323";"NA";135,749998093;788;120,0300026;787;TRUE
43,90419;5,55207;485;27,3828859402991;56,9820411456092;29,5991552053102;108,093629246541;"FALSE";"Yes";"ID_6954209";"NA";137,875003815;794;122,1199989;791;FALSE
43,91227;5,1788;464;40,3733016922371;30,2120344976613;-10,1612671945758;-25,1682839120626;"TRUE";"Yes";"ID_6954177";"NA";151,374998093;763;135,7666683;759;FALSE
43,916667;5,133333;449;33,5399535649272;57,9854526749144;24,4454991099872;72,8847136376179;"FALSE";"Yes";"GE_222487";"Provenza Alpes Cote d'Azur, Vaucluse, Fontaine de Vaucluse";139,125003815;850;136,3633347;761;FALSE
43,93059;5,59018;490;30,3222292858089;57,1708206043352;26,8485913185263;88,5442526849164;"FALSE";"Yes";"ID_6954552";"NA";134,333333969;807;118,633337;804;FALSE
43,95351;6,92579;553;32,4569331479877;43,885492379167;11,4285592311793;35,2114575307246;"FALSE";"No";"0";"";129,708328247;839;114,2066669;833;FALSE
43,957236;15,606079;263;51,485743405609;31,478591771188;-20,007151634421;-38,8595955132725;"TRUE";"Yes";"ID_6954659";"Biograd, Zadar-Sibenik road";155,625;833;138,8616657;811;FALSE
43,97411;6,30345;538;27,9485262976791;52,5844872054997;24,6359609078205;88,1476205415035;"FALSE";"Yes";"ID_6954206";"NA";117,791662216;867;102,2700024;864;FALSE
43,98476;5,92984;523;27,6735512494905;43,8737876682903;16,2002364187998;58,5405041541176;"FALSE";"No";"0";"";143,500003815;716;127,7750015;718;FALSE
43,98803;5,80527;513;30,2796787318547;27,1041517046151;-3,17552702723957;-10,4873207386407;"TRUE";"Yes";"ID_6954350";"NA";137,666664124;768;121,9383335;768;TRUE
43,99115;5,68069;499;26,9471496092075;43,975330670692;17,0281810614845;63,191028767162;"FALSE";"Yes";"ID_6954273";"NA";130,416669846;829;114,6749973;827;FALSE
43,99414;5,5561;486;27,6771551709653;38,3652940847217;10,6881389137564;38,6171875242754;"FALSE";"Yes";"ID_6954173";"NA";127,958335876;870;112,2000027;867;FALSE
43,99698;5,43149;482;25,4370926222702;43,0563153397529;17,6192227174827;69,2658668941475;"FALSE";"Yes";"ID_6954409";"NA";118,541669846;966;102,7466679;961;FALSE
43,99968;5,30687;473;27,5436868749427;30,1096952068424;2,56600833189968;9,31613964227157;"FALSE";"Yes";"ID_6954167";"NA";131,208333969;886;115,5166626;880;TRUE
44,00224;5,18224;465;41,8907717836822;53,6108891827182;11,7201173990359;27,9778025087647;"FALSE";"No";"0";"";145,791664124;806;121,4850044;849;FALSE
44,00367;5,56806;489;41,0112109266246;51,4582735704925;10,4470626438679;25,4736751435097;"FALSE";"Yes";"ID_6954379";"NA";121,916666031;916;117,2766685;816;FALSE
44,00465;5,0576;456;32,2936468867881;54,0861504861182;21,79250359933;67,4823245442919;"FALSE";"No";"0";"";158,166666031;770;141,0783291;760;FALSE
44,01923;7,55483;558;30,0255144880565;58,6078034296051;28,5822889415485;95,1933361638747;"FALSE";"No";"0";"";125,874996185;858;110,5566692;851;FALSE
44,02356;3,31183;403;43,6453132731742;29,7814784844508;-13,8638347887234;-31,7647732345286;"TRUE";"Yes";"ID_6954210";"NA";124,250001907;785;108,8150024;767;FALSE
44,06773;6,18395;532;39,6633943134921;57,6380034852336;17,9746091717416;45,3178793263975;"FALSE";"No";"0";"";134,416666031;772;118,6750031;774;FALSE
44,0747;5,93447;524;28,0940220174568;39,3079576510014;11,2139356335446;39,9157359048718;"FALSE";"No";"0";"";134,916667938;765;119,121666;768;FALSE
44,0811;5,68493;500;44,790876262529;54,3820675946588;9,59119133212984;21,4132701399138;"FALSE";"No";"0";"";121,25;904;105,3366661;902;FALSE
44,083333;7,6;560;29,7593143104964;33,4789773962089;3,71966308571248;12,4991558841143;"FALSE";"Yes";"ID_6954667";"Tende";117,791671753;872;102,6066685;862;FALSE
44,08409;5,56014;487;25,8919321649197;56,9423397815557;31,050407616636;119,923099670041;"FALSE";"No";"0";"";108,75;1007;99,58000183;959;FALSE
44,08964;5,31052;474;28,8222029592452;56,6150560704978;27,7928531112525;96,4286218876184;"FALSE";"No";"0";"";109,666671753;1037;108,168335;926;FALSE
44,09836;5,61278;493;30,0080931848966;55,1156292336982;25,1075360488015;83,6692151483935;"FALSE";"No";"0";"";104,083328247;1043;86,55833244;1051;FALSE
44,10616;4,31163;436;62,6840637286607;49,9221353294653;-12,7619283991954;-20,3591274082639;"TRUE";"Yes";"ID_6954355";"NA";143,625001907;851;127,8616619;842;FALSE
44,10908;7,56203;559;30,2190444934703;26,941082828097;-3,27796166537326;-10,8473372349068;"TRUE";"Yes";"ID_6954125";"NA";94,7916698456;948;79,41833496;938;TRUE
44,11356;3,31232;404;34,8703603200992;40,6033902810736;5,73302996097448;16,4409828529072;"FALSE";"Yes";"ID_6954184";"NA";111,666669846;908;96,12000465;883;FALSE
44,15766;6,18899;533;30,1112910497654;25,3321814987545;-4,77910955101089;-15,8714866895358;"TRUE";"No";"0";"";105,749998093;989;89,78333473;985;FALSE
44,16464;5,93911;525;27,716701442072;47,0694840803526;19,3527826382806;69,8235418768281;"FALSE";"No";"0";"";127,583332062;818;111,621666;819;FALSE
44,16792;5,81415;514;32,8171907544388;56,4077214524131;23,5905306979743;71,8846743296681;"FALSE";"No";"0";"";119,083328247;918;95,19666672;958;FALSE
44,17106;5,68918;501;32,3210767701927;28,3511097472454;-3,96996702294736;-12,2829045924873;"TRUE";"No";"0";"";107,833337784;1020;87,9066658;1032;FALSE
44,17405;5,56419;488;32,6867783415096;57,0666153709031;24,3798370293935;74,5862341484817;"FALSE";"No";"0";"";107,666664124;1032;83,21499825;1091;FALSE
44,1769;5,43919;483;29,1038919903657;32,3953734504798;3,29148146011411;11,309420269989;"FALSE";"No";"0";"";124,291667938;937;105,2066708;944;FALSE
44,17912;5,05823;457;31,3247727259438;56,4693473236037;25,1445745976599;80,2705731264082;"FALSE";"No";"0";"";137,666664124;899;121,6516685;894;FALSE
44,18218;5,18915;466;32,2364644283684;34,5252041274848;2,28873969911641;7,09984714422436;"FALSE";"No";"0";"";129,583330154;937;113,6766624;931;FALSE
44,1846;5,06412;458;26,5267216446169;51,3076803765202;24,7809587319032;93,4188516164869;"FALSE";"No";"0";"";137,666664124;899;121,6516685;894;FALSE
44,19206;6,23377;535;37,777850865609;42,5362557765809;4,7584049109719;12,5957533367884;"FALSE";"No";"0";"";114,624996185;924;100,2616692;908;FALSE
44,19458;4,4388;442;47,7587314402739;58,6071862221455;10,8484547818716;22,7151234019657;"FALSE";"Yes";"ID_6954356";"NA";148,125;848;132,3416615;841;FALSE
44,19649;6,17219;531;34,3533127936159;42,2911572405342;7,9378444469183;23,1064890149209;"FALSE";"Yes";"ID_6954314";"NA";106,541662216;975;90,67667007;970;FALSE
44,21862;7,06946;557;31,120955695455;38,5443499791694;7,42339428371436;23,8533622050639;"FALSE";"No";"0";"";42,6249980927;1087;51,10333443;1026;FALSE
44,24388;6,31916;539;32,77063487693;52,7339182496472;19,9632833727172;60,91820755896;"FALSE";"Yes";"ID_6954358";"NA";81,0000038147;1141;85,9233284;985;FALSE
44,24759;6,19405;534;27,9585102517726;29,3142076961891;1,35569744441649;4,84896166572586;"FALSE";"No";"0";"";86,4999961853;1122;76,62333488;1084;FALSE
44,25116;6,06892;529;33,2798752146718;41,8390971113756;8,55922189670378;25,7189122299664;"FALSE";"No";"0";"";105,416669846;987;89,47166443;972;FALSE
44,25787;5,81862;515;33,4434981093969;32,4144158332805;-1,02908227611637;-3,07707726252243;"TRUE";"No";"0";"";127,541666031;842;116,4966679;790;FALSE
44,26101;5,69344;502;29,0031579318952;30,6125295096557;1,60937157776053;5,54895291588466;"FALSE";"No";"0";"";112,916669846;987;88,64333153;1028;FALSE
44,26687;5,44306;484;28,2675491173177;56,2344822577106;27,9669331403929;98,9365332817599;"FALSE";"No";"0";"";119,041671753;973;99,13332939;992;FALSE
44,26958;5,31785;475;27,1639710004207;52,4492801380332;25,2853091376125;93,0839940052241;"FALSE";"No";"0";"";122,583332062;974;102,383337;992;FALSE
44,27215;5,19263;467;32,2364644283684;25,5949580298636;-6,64150639850476;-20,6024653021818;"TRUE";"No";"0";"";137,208328247;900;119,3883324;899;FALSE
44,28458;4,44108;443;33,5241771263873;33,8480052791601;0,323828152772826;0,965954068169916;"FALSE";"No";"0";"";147,166662216;847;127,7233315;879;FALSE
44,29258;3,56395;406;33,9130067021531;43,5117170080177;9,5987103058646;28,3039200568883;"FALSE";"Yes";"ID_6954448";"NA";99,375;1095;81,87000275;1126;FALSE
44,34783;5,82309;516;33,2568079913925;44,2452929681932;10,9884849768006;33,04130985645;"FALSE";"No";"0";"";123,500003815;885;110,5099964;856;FALSE
44,35097;5,69772;503;34,3070952848115;45,2099047919717;10,9028095071603;31,7800426315521;"FALSE";"No";"0";"";109,541664124;1016;106,6349983;899;FALSE
44,35956;5,32153;476;28,5162405057732;47,9618143146364;19,4455738088631;68,1912252946748;"FALSE";"No";"0";"";129,125003815;944;104,1950035;1000;FALSE
44,36213;5,19611;468;65,6219859234981;33,4184957804477;-32,2034901430504;-49,0742389000436;"TRUE";"No";"0";"";129,208335876;952;112,3950005;945;FALSE
44,36456;5,07068;460;27,1884145476602;24,633032450653;-2,55538209700726;-9,39879040216846;"TRUE";"No";"0";"";139,666671753;911;126,5433311;890;FALSE
44,369;4,81978;451;31,1032682525622;27,563329642944;-3,53993860961826;-11,3812432213668;"TRUE";"No";"0";"";149,125003815;888;133,4416676;872;FALSE
44,37286;4,56885;448;31,6140123639446;63,0901864304368;31,4761740664922;99,5639961929996;"FALSE";"No";"0";"";142,583332062;902;130,3233337;884;FALSE
44,37458;4,44337;444;31,9114192701988;61,0851871257024;29,1737678555036;91,4210916427279;"FALSE";"Yes";"ID_6954111";"NA";142,083330154;872;125,7233334;877;FALSE
44,37758;4,19239;434;42,8685205243917;31,9398769030852;-10,9286436213065;-25,4934004897328;"TRUE";"Yes";"ID_6954035";"NA";145,458335876;781;130,4500008;786;FALSE
44,38359;3,31381;405;39,6233735882483;29,0596773503247;-10,5636962379235;-26,6602645895265;"TRUE";"No";"0";"";105,208330154;866;89,67499733;857;FALSE
44,40416667;33,825;93;29,2372084393832;29,3665933228524;0,129384883469154;0,442535010609526;"FALSE";"Yes";"GE_221939";"Near Black Sea and Sanatome along road A-294.";117,958335876;605;108,0595207;562;TRUE
44,416667;33,933333;47;43,6747958420324;28,6810699311502;-14,9937259108822;-34,3303858021754;"TRUE";"Yes";"ID_6953339";"Opolznevoye sett., near";83,9583301544;839;108,5059547;584;FALSE
44,433333;33,783333;411;39,7520423354156;51,9681410110057;12,2160986755901;30,7307447816502;"FALSE";"Yes";"ID_6954619";"Orlinoye sett., near";116,416664124;571;90,82166672;610;FALSE
44,43779;5,82758;517;30,4197422879808;42,2621105850653;11,8423682970845;38,9298771336521;"FALSE";"Yes";"ID_6954522";"NA";108,500003815;1008;79,09833431;1103;FALSE
44,44094;5,70201;504;32,7524750113502;44,2682468623487;11,5157718509985;35,1600049981194;"FALSE";"No";"0";"";111,25;1011;100,4733276;954;FALSE
44,44953;5,32522;477;27,3928138925286;56,6150560704978;29,2222421779691;106,678497114674;"FALSE";"Yes";"ID_6954131";"NA";122,458333969;989;107,4083328;968;FALSE
44,45455;5,07397;461;30,1869675369715;42,8287527023583;12,6417851653868;41,8782878734136;"FALSE";"No";"0";"";129,833335876;969;97,57333755;1066;FALSE
44,45684;4,94833;454;32,4897594371451;33,0816687247631;0,591909287618037;1,82183339572935;"FALSE";"No";"0";"";143,958330154;907;127,5549984;904;FALSE
44,45899;4,82268;452;27,0784091642392;43,6636506909449;16,5852415267057;61,2489508748866;"FALSE";"No";"0";"";139,708337784;938;127,7166653;906;FALSE
44,46286;4,57134;450;32,2119261185428;53,4338566583603;21,2219305398175;65,8822153686771;"FALSE";"No";"0";"";139,541664124;918;125,5733299;906;FALSE
44,46458;4,44567;445;31,2740803138394;64,8055692343746;33,5314889205353;107,218145454774;"FALSE";"Yes";"ID_6954187";"NA";140,500001907;878;117,6916695;921;FALSE
44,46616;4,31998;439;44,0761785558215;31,4322546151876;-12,6439239406339;-28,6865249096416;"TRUE";"Yes";"ID_6954101";"NA";143,625001907;819;131,1116695;810;FALSE
44,466667;33,761111;410;38,3859730281928;31,7875754267495;-6,59839760144327;-17,1896062048422;"TRUE";"Yes";"ID_6954246";"NA";115,749998093;573;99,90166664;552;FALSE
44,483333;33,716667;2;44,2287364092602;29,9621441302611;-14,2665922789991;-32,2563867685176;"TRUE";"Yes";"ID_6952604";"Shirokoye sett., Chernaya river valley";110,666666031;590;94,02000427;571;FALSE
44,51728;4,45131;447;66,6855659909981;34,566724952957;-32,1188410380411;-48,1646073790194;"TRUE";"No";"0";"";140,124998093;875;122,0149994;893;FALSE
44,53347;4,38083;441;47,7800726485472;46,1612223355058;-1,61885031304137;-3,3881286136776;"TRUE";"No";"0";"";143,958330154;839;128,0283356;832;FALSE
44,55459;4,44797;446;27,5930457628038;51,2366541629293;23,6436084001255;85,6868379205813;"FALSE";"No";"0";"";141,25;867;123,5783291;882;FALSE
44,55617;4,32209;440;40,2848751828276;48,0191472053976;7,73427202257001;19,1989474646974;"FALSE";"Yes";"ID_6954141";"NA";136,666669846;842;124,4499969;832;FALSE
44,5576;1,80381;253;53,4040506845629;27,433786800728;-25,9702638838349;-48,6297641301243;"TRUE";"Yes";"ID_6954719";"NA";137,541666031;806;121,7399979;781;FALSE
44,583333;34,3;48;43,3177342673502;26,0204711056943;-17,2972631616559;-39,9311354903742;"TRUE";"Yes";"ID_6953337";"Kiparisnoye sett., near";132,5;614;115,6230164;599;FALSE
44,61441;5,96257;526;30,3214241010596;47,3579397645518;17,0365156634922;56,1863968087729;"FALSE";"Yes";"ID_6954200";"NA";85,8749961853;1209;70,02333164;1196;FALSE
44,63899;4,8285;453;31,5556964540173;35,5892762910801;4,03357983706278;12,7824142399788;"FALSE";"No";"0";"";140,375003815;933;117,8600025;949;FALSE
44,65;33,7;1;43,2581222381814;40,718371007295;-2,53975123088633;-5,87115459358669;"TRUE";"No";"0";"";122,291669846;514;107,9783344;496;FALSE
44,72208;5,21016;469;30,4195964226292;50,9140385728358;20,4944421502065;67,372498521909;"FALSE";"No";"0";"";119,041662216;1030;103,1200027;1023;FALSE
44,74008;3,94741;407;30,6520310616118;31,5187754770959;0,866744415484149;2,82768999464329;"FALSE";"No";"0";"";82,4583339691;1179;65,09999752;1181;FALSE
44,75;34,4;412;38,2873460756898;33,2766275146839;-5,01071856100584;-13,0871399420065;"TRUE";"No";"0";"";119,708337784;633;107,5450039;602;FALSE
44,75888;37,44942;429;41,2394394833657;30,1954246791263;-11,0440148042395;-26,7802252954824;"TRUE";"No";"0";"";128,249998093;673;113,6100006;678;FALSE
44,820921;34,774886;413;41,41835263803;47,0104647385557;5,59211210052561;13,5015319160496;"FALSE";"No";"0";"";136,958332062;531;123,3416653;508;FALSE
44,823856;34,792757;414;42,2570605617324;31,9973237904337;-10,2597367712987;-24,2793432267028;"TRUE";"No";"0";"";140,916662216;514;123,3416653;508;FALSE
44,844858;34,802912;415;48,3100521859003;26,8810647020911;-21,4289874838092;-44,3572021022644;"TRUE";"No";"0";"";134,416666031;533;123,3416653;508;FALSE
44,8494;34,86056;416;42,2244837665271;34,3676128544575;-7,85687091206962;-18,6073818107826;"TRUE";"No";"0";"";128,791666031;552;112,9733372;530;FALSE
44,854971;34,862795;417;43,4874192827188;32,786404166453;-10,7010151162659;-24,6071514308467;"TRUE";"No";"0";"";128,791666031;552;112,9733372;530;FALSE
44,857177;34,942231;420;42,3833915407538;36,7683330456221;-5,61505849513171;-13,2482519473047;"TRUE";"No";"0";"";128,083333969;539;120,0909138;504;FALSE
44,857451;34,934721;49;40,5473928837487;28,8356587496236;-11,711734134125;-28,8840620843444;"TRUE";"No";"0";"";128,083333969;539;110,3038216;533;FALSE
44,866667;34,966667;421;42,3830521468144;52,1666643349473;9,78361218813284;23,0837839479859;"FALSE";"No";"0";"";137,833328247;509;120,0909138;504;FALSE
44,903794;35,129428;423;43,8606902408304;42,7589718406989;-1,10171840013157;-2,51185832708571;"TRUE";"No";"0";"";130;520;112,3291683;515;FALSE
44,916667;35,133333;424;41,9438518023511;58,7336484740062;16,789796671655;40,0292198980016;"FALSE";"No";"0";"";129,541664124;506;112,3291683;515;FALSE
44,924946;35,209293;426;41,7984239542846;29,4868652062314;-12,3115587480532;-29,4546003971788;"TRUE";"Yes";"ID_6954760";"NA";129,250001907;508;117,3333359;484;FALSE
44,926883;35,150017;425;67,627069512688;50,5177972515527;-17,1092722611353;-25,2994435281945;"TRUE";"No";"0";"";129,541664124;506;119,2381001;485;FALSE
44,927407;34,903951;418;45,4656078341108;30,5002667652307;-14,9653410688801;-32,9157395706306;"TRUE";"No";"0";"";108,583335876;607;107,9783344;532;FALSE
44,950282;35,12342;422;43,8606902408304;28,6729917787731;-15,1876984620573;-34,6271305322937;"TRUE";"No";"0";"";120,124998093;542;111,7350006;502;FALSE
45,13333;7,024506;556;31,3310031996087;28,2761396428238;-3,05486355678493;-9,75028963267632;"TRUE";"No";"0";"";113,125;881;68,18666458;1052;FALSE
45,5;15,5706;89;28,437721050248;26,0204711056943;-2,41724994455364;-8,50015351188827;"TRUE";"No";"0";"";128,75;1055;110,1200008;1041;FALSE
45,72929;1,90705;254;43,2421834228517;57,1249596207351;13,8827761978834;32,1047067908854;"FALSE";"Yes";"ID_6954698";"NA";115,333337784;1011;94,07500267;1010;FALSE
45,73047;2,03562;266;35,6845057160573;29,4578864154982;-6,22661930055906;-17,4490837847229;"TRUE";"Yes";"ID_6954697";"NA";105,791664124;1035;86,92500114;1015;FALSE
45,9167;15,0167;81;28,3601931854763;44,9910066136468;16,6308134281706;58,6413968318365;"FALSE";"No";"0";"";112,333335876;1175;92,91500092;1191;FALSE
46,4;5,833333;518;36,3456260459884;42,0807132379716;5,73508719198311;15,7793050110802;"FALSE";"Yes";"ID_6954682";"Fontain de Vacluse, near Avignon";105,458335876;1227;87,49333382;1207;FALSE
46,6307;2,29237;269;45,3730291048691;27,7734228509067;-17,5996062539624;-38,7886958423803;"TRUE";"No";"0";"";126,583328247;718;110,5633354;711;FALSE
46,6907;2,51218;274;56,1882571111537;29,6217365742756;-26,5665205368781;-47,2812681915426;"TRUE";"No";"0";"";127,666664124;702;111,8866634;696;FALSE
47,1748;2,93411;280;46,9697420635097;30,8247638347351;-16,1449782287746;-34,373146454465;"TRUE";"No";"0";"";122,958335876;749;107,373333;746;FALSE
47,3929;2,309;270;46,9499964779871;42,5725793651759;-4,37741711281115;-9,32357282468284;"TRUE";"No";"0";"";121,666669846;722;106,0116673;715;FALSE
47,3976;2,75424;278;46,5415474257465;55,1672134004858;8,62566597473937;18,5332599619748;"FALSE";"No";"0";"";117,916669846;756;102,1049976;753;FALSE
47,4275;2,04371;267;33,2310892264491;26,8385869196448;-6,39250230680429;-19,2365115186065;"TRUE";"Yes";"ID_6954116";"SALBRIS";126,499996185;688;110,5150032;682;FALSE
47,4353;2,74902;277;48,2502413257449;55,6444897938699;7,39424846812497;15,32479064344;"FALSE";"No";"0";"";117,708330154;753;101,6766644;754;FALSE
47,4894;0,859878;249;49,5465984918656;28,8413649060745;-20,7052335857911;-41,7894148458857;"TRUE";"No";"0";"";126,541662216;701;112,1700001;677;FALSE
