"RMSE";"Model";"index"
5,40945154266959;"BCC 126";0
6,65889615214218;"BCC 126";1
16,4465693617376;"BCC 126";2
17,9664471526551;"BCC 126";3
10,6064359876234;"BCC 126";4
10,6814957106118;"BCC 126";5
11,9697067094084;"BCC 126";6
4,22132871991297;"BCC 126";7
2,40367368018492;"BCC 126";8
5,67013037401656;"BCC 126";9
8,09854445693448;"BCC 126";10
3,80330607481603;"BCC 126";11
2,44956882276792;"BCC 126";12
8,98462073760155;"BCC 126";13
6,67207768729962;"BCC 126";14
3,39013009586901;"BCC 126";15
12,6728972773581;"BCC 126";16
4,09684339517657;"BCC 126";17
3,18415202008304;"BCC 126";18
12,0584524699782;"BCC 126";19
7,8294796968713;"BCC 126";20
4,03264734354864;"BCC 126";21
4,64900305071084;"BCC 126";22
7,60983868889313;"BCC 126";23
3,2897818043742;"BCC 126";24
3,96383157895874;"BCC 126";25
4,33530389500153;"BCC 126";26
5,13439387479424;"BCC 126";27
2,64207546176185;"BCC 126";28
2,15806547869869;"BCC 126";29
10,1262483246507;"BCC 126";30
5,29808054408954;"BCC 126";31
3,26726126191544;"BCC 126";32
9,86266322396975;"BCC 126";33
19,5836672324039;"BCC 126";34
11,9025784488097;"BCC 126";35
3,36934925797435;"BCC 126";36
5,17883936161934;"BCC 126";37
11,239174564595;"BCC 126";38
10,5701451170548;"BCC 126";39
7,99459094273051;"BCC 126";40
17,7360239646751;"BCC 126";41
4,08245447268842;"BCC 126";42
19,9208703083449;"BCC 126";43
20,3728836215033;"BCC 126";44
3,63760107247925;"BCC 126";45
12,3487679102044;"BCC 126";46
28,557929276425;"BCC 126";47
15,0937632642854;"BCC 126";48
2,20097487262601;"BCC 126";49
8,80295438144864;"BCC 126";50
4,10167822718058;"BCC 126";51
8,83381784141381;"BCC 126";52
14,2137448431507;"BCC 126";53
3,41975440845137;"BCC 126";54
11,4026988645707;"BCC 126";55
9,82943464128679;"BCC 126";56
3,28975254928908;"BCC 126";57
3,53845826427012;"BCC 126";58
5,20684640274993;"BCC 126";59
3,16558390761463;"BCC 126";60
18,5976046682581;"BCC 126";61
7,77111689190531;"BCC 126";62
3,08195955241293;"BCC 126";63
3,82053426049038;"BCC 126";64
6,81946290477714;"BCC 126";65
15,1152988792607;"BCC 126";66
5,67380346828126;"BCC 126";67
7,92009494252439;"BCC 126";68
5,35591282338922;"BCC 126";69
3,4240995600906;"BCC 126";70
10,289456826257;"BCC 126";71
13,306255379753;"BCC 126";72
17,6021538592202;"BCC 126";73
3,97590326841138;"BCC 126";74
9,52399789293241;"BCC 126";75
2,786748400656;"BCC 126";76
3,09028488041871;"BCC 126";77
2,47856049853142;"BCC 126";78
5,4581770083077;"BCC 126";79
5,90631967836646;"BCC 126";80
3,03396691923587;"BCC 126";81
8,68528360102989;"BCC 126";82
9,43823220816869;"BCC 126";83
17,101173998722;"BCC 126";84
3,85492927566629;"BCC 126";85
11,3563083269184;"BCC 126";86
2,6120485303364;"BCC 126";87
2,06405644334165;"BCC 126";88
11,286088168443;"BCC 126";89
17,0915755268702;"BCC 126";90
21,119798338048;"BCC 126";91
17,4771404803576;"BCC 126";92
14,7592980217223;"BCC 126";93
4,51998653659615;"BCC 126";94
14,5642878668997;"BCC 126";95
4,53344561131956;"BCC 126";96
4,93026341153508;"BCC 126";97
6,06493926816358;"BCC 126";98
12,2837809691723;"BCC 126";99
19,9637395689081;"BCC 126";100
9,896029857969;"BCC 126";102
2,78153992230164;"BCC 126";103
5,61080810877755;"BCC 126";104
36,5509119406142;"BCC 126";105
3,32405449987852;"BCC 126";107
6,3759883007221;"BCC 126";108
5,83875730166663;"BCC 126";109
4,70655428916739;"BCC 126";110
5,64699677712883;"BCC 126";111
36,1385936307937;"BCC 126";112
2,22451968468427;"BCC 126";113
3,14572138529839;"BCC 126";114
9,43748785690809;"BCC 126";115
6,59781243857841;"BCC 126";116
12,129908013279;"BCC 126";117
9,39175703429677;"BCC 126";118
6,94831063791658;"BCC 126";119
4,01553760470113;"BCC 126";120
11,9301486281136;"BCC 126";121
4,61080101554573;"BCC 126";122
20,8463276317762;"BCC 126";123
2,80024186075891;"BCC 126";124
4,16539304487143;"BCC 126";125
15,015606984458;"BCC 126";126
8,18200582844979;"BCC 126";127
21,5340625120487;"BCC 126";128
2,80347248451115;"BCC 126";129
8,96216529687932;"BCC 126";130
6,29981585682252;"BCC 126";131
24,1981045304368;"BCC 126";132
2,62495249267856;"BCC 126";133
5,48424039972218;"BCC 126";134
4,36757297618838;"BCC 126";135
3,95360495013095;"BCC 126";136
11,2680199083157;"BCC 126";137
6,45440283460124;"BCC 126";138
6,91597098103481;"BCC 126";139
11,2224974262778;"BCC 126";140
10,4470325003608;"BCC 126";141
5,96973766300233;"BCC 126";142
24,3627735842125;"BCC 126";143
3,62380949193895;"BCC 126";144
6,65461092921894;"BCC 126";145
10,9077514650007;"BCC 126";146
12,0737908977835;"BCC 126";147
3,29143590291039;"BCC 126";148
12,0250698863955;"BCC 126";149
3,2117275575964;"BCC 126";150
21,2289899722871;"BCC 126";151
17,6307878345834;"BCC 126";152
16,6991894420713;"BCC 126";153
13,1519385871996;"BCC 126";154
19,2792213813836;"BCC 126";155
15,2356645836307;"BCC 126";156
30,7568113228898;"BCC 126";157
20,1216920795306;"BCC 126";158
23,4018820598802;"BCC 126";159
20,8047374929952;"BCC 126";160
10,5693478160624;"BCC 126";161
8,93845603431134;"BCC 126";162
9,14375742753247;"BCC 126";163
5,76803839643789;"BCC 126";164
9,1023981795934;"BCC 126";165
12,102136446847;"BCC 126";166
8,48736177876926;"BCC 126";167
3,52866924641933;"BCC 126";168
18,1743742097776;"BCC 126";169
5,2821947325961;"BCC 126";170
8,71984400174611;"BCC 126";171
17,7314711785266;"BCC 126";172
16,7275062856955;"BCC 126";173
18,5767174573626;"BCC 126";174
8,15631502194529;"BCC 126";175
5,33302016825014;"BCC 126";176
30,7069609968729;"BCC 126";177
17,1163117575881;"BCC 126";179
8,89366558140079;"BCC 126";180
11,0754858363126;"BCC 126";181
13,3091679942885;"BCC 126";182
22,3924598367485;"BCC 126";183
13,8798009965256;"BCC 126";184
8,2498518798967;"BCC 126";185
18,3317435079781;"BCC 126";186
27,8481041947791;"BCC 126";187
20,2745080917436;"BCC 126";188
10,1332688733561;"BCC 126";189
30,2724560569219;"BCC 126";190
10,0266668462381;"BCC 126";191
35,1744143203521;"BCC 126";192
4,16400262916008;"BCC 126";193
4,55246702695186;"BCC 126";194
19,4217742244556;"BCC 126";195
4,50891484532037;"BCC 126";197
9,09771998015033;"BCC 126";198
14,2677456579469;"BCC 126";199
16,3330016501435;"BCC 126";200
19,3483682972105;"BCC 126";201
14,9437018528453;"BCC 126";202
9,95108192398533;"BCC 126";203
5,05969728557596;"BCC 126";204
16,7201508536671;"BCC 126";205
9,11450725845037;"BCC 126";206
9,5585356611226;"BCC 126";207
20,0323831539748;"BCC 126";208
23,1684171749383;"BCC 126";209
24,46086338058;"BCC 126";210
8,03883079661449;"BCC 126";211
23,0140061683595;"BCC 126";212
7,25932057405728;"BCC 126";213
18,4910656141893;"BCC 126";214
7,16541132935214;"BCC 126";215
31,2268903300949;"BCC 126";216
24,2150658123238;"BCC 126";217
5,07207280087158;"BCC 126";218
14,1220851861973;"BCC 126";219
19,2652213532155;"BCC 126";220
13,3095585122721;"BCC 126";222
28,5820512509886;"BCC 126";223
5,49468587934802;"BCC 126";224
14,4461559030846;"BCC 126";225
23,4100865874614;"BCC 126";227
14,5416966846006;"BCC 126";229
13,2972356794888;"BCC 126";230
34,2892591803467;"BCC 126";231
37,9178847632805;"BCC 126";232
32,6592522460611;"BCC 126";233
28,7346443699814;"BCC 126";234
21,502783485395;"BCC 126";235
9,74603024709474;"BCC 126";236
5,97038707670183;"BCC 126";237
15,1677129063279;"BCC 126";238
26,5625795989098;"BCC 126";239
22,270641422089;"BCC 126";240
7,70969816504534;"BCC 126";241
13,4952773455028;"BCC 126";242
33,8492756281585;"BCC 126";243
28,6067834533761;"BCC 126";244
5,47093547929394;"BCC 126";245
23,2708941929454;"BCC 126";246
21,3863275050277;"BCC 126";247
7,36191577970188;"BCC 126";248
29,2060443746051;"BCC 126";249
21,1125133402634;"BCC 126";250
16,8331783247659;"BCC 126";251
11,2290283055306;"BCC 126";252
5,45674427905981;"BCC 126";253
4,76672827964062;"BCC 370";0
6,89186182204918;"BCC 370";1
16,4500840564837;"BCC 370";2
18,0460132158603;"BCC 370";3
10,100491174773;"BCC 370";4
13,0422396092175;"BCC 370";5
11,8253859359164;"BCC 370";6
4,83631084155177;"BCC 370";7
4,90599309871646;"BCC 370";8
9,98182541954571;"BCC 370";9
5,00656161489155;"BCC 370";10
3,70468334194374;"BCC 370";11
2,37577660240118;"BCC 370";12
8,81200207795305;"BCC 370";13
6,64446411093556;"BCC 370";14
3,2540577514186;"BCC 370";15
11,0195858420688;"BCC 370";16
4,04328600351878;"BCC 370";17
3,10430189444978;"BCC 370";18
11,6644227147228;"BCC 370";19
6,90712212971516;"BCC 370";20
3,71786996708392;"BCC 370";21
4,43913495773494;"BCC 370";22
7,27375214810719;"BCC 370";23
3,08856840074347;"BCC 370";24
3,9653015046425;"BCC 370";25
4,80382688740627;"BCC 370";26
5,3531704173029;"BCC 370";27
3,13507816105865;"BCC 370";28
2,15530250727591;"BCC 370";29
9,82376050934125;"BCC 370";30
5,41056187604034;"BCC 370";31
3,27084035213499;"BCC 370";32
9,84602496662386;"BCC 370";33
19,5502733266138;"BCC 370";34
11,9345508311989;"BCC 370";35
4,2691372465944;"BCC 370";36
5,1906811427325;"BCC 370";37
10,8704938307655;"BCC 370";38
11,0260316503452;"BCC 370";39
7,52047441846376;"BCC 370";40
18,4746932956048;"BCC 370";41
3,9550989378558;"BCC 370";42
19,2815565877186;"BCC 370";43
20,7538129011314;"BCC 370";44
3,50950984393018;"BCC 370";45
9,32402203816408;"BCC 370";46
22,5245215142078;"BCC 370";47
14,6681467399532;"BCC 370";48
2,16215111789105;"BCC 370";49
8,71926215894127;"BCC 370";50
4,46349549154785;"BCC 370";51
6,74523601412307;"BCC 370";52
14,2166948378923;"BCC 370";53
3,33892110413072;"BCC 370";54
11,7062645618515;"BCC 370";55
8,7844296106475;"BCC 370";56
3,35047063809887;"BCC 370";57
4,01687093340196;"BCC 370";58
5,47205789692633;"BCC 370";59
3,41709455327579;"BCC 370";60
18,1635168058647;"BCC 370";61
5,8215371053078;"BCC 370";62
3,37126836905811;"BCC 370";63
5,82867988627335;"BCC 370";64
5,15362425339186;"BCC 370";65
14,163215720499;"BCC 370";66
8,39081464423339;"BCC 370";67
7,30067022729218;"BCC 370";68
5,44496743373665;"BCC 370";69
3,28488246374327;"BCC 370";70
9,99147411281371;"BCC 370";71
13,6525161419001;"BCC 370";72
13,8489377565756;"BCC 370";73
3,41354892934932;"BCC 370";74
9,53809405420046;"BCC 370";75
2,78023683219571;"BCC 370";76
3,02322679837053;"BCC 370";77
2,465742760174;"BCC 370";78
6,1503729808065;"BCC 370";79
5,89099016513442;"BCC 370";80
2,91400411288982;"BCC 370";81
10,2953001076374;"BCC 370";82
10,3398257296216;"BCC 370";83
13,968186106412;"BCC 370";84
3,79033896463503;"BCC 370";85
11,6744123480856;"BCC 370";86
2,71099090492576;"BCC 370";87
2,05387463309115;"BCC 370";88
10,9872652378704;"BCC 370";89
19,0756467107671;"BCC 370";90
21,915978840317;"BCC 370";91
18,3307731746913;"BCC 370";92
14,5831235694714;"BCC 370";93
4,86049500593903;"BCC 370";94
14,2775486061598;"BCC 370";95
4,24237451122679;"BCC 370";96
4,91269405654207;"BCC 370";97
5,52824502899081;"BCC 370";98
11,5105446473936;"BCC 370";99
19,8578783896684;"BCC 370";100
10,4105185692989;"BCC 370";102
2,70847522183565;"BCC 370";103
5,41813852586844;"BCC 370";104
35,9434480380948;"BCC 370";105
3,00183622549968;"BCC 370";107
6,43944296281683;"BCC 370";108
5,89227266645148;"BCC 370";109
4,95357949542941;"BCC 370";110
5,63691384208893;"BCC 370";111
35,9938148616252;"BCC 370";112
2,20088866238198;"BCC 370";113
2,93579909548579;"BCC 370";114
9,38013114493102;"BCC 370";115
6,28757534660584;"BCC 370";116
12,4893079455436;"BCC 370";117
10,2577804571655;"BCC 370";118
7,12379544876825;"BCC 370";119
4,04053478656371;"BCC 370";120
12,7909898239502;"BCC 370";121
4,39853611487231;"BCC 370";122
20,7467203030621;"BCC 370";123
2,91256042694342;"BCC 370";124
3,53145225854833;"BCC 370";125
14,9240121948842;"BCC 370";126
9,5521008156425;"BCC 370";127
21,644998522433;"BCC 370";128
2,76356488639421;"BCC 370";129
9,00138629105771;"BCC 370";130
6,46059378006187;"BCC 370";131
24,6944725788224;"BCC 370";132
8,26454622226508;"BCC 370";133
5,45429132290434;"BCC 370";134
9,93352165750472;"BCC 370";135
4,30032569750583;"BCC 370";136
11,2680789700781;"BCC 370";137
5,60315792230113;"BCC 370";138
6,80647074345565;"BCC 370";139
10,928606161298;"BCC 370";140
10,0301803567315;"BCC 370";141
5,26272483795409;"BCC 370";142
24,3624445664998;"BCC 370";143
4,21474262265134;"BCC 370";144
8,18067319287454;"BCC 370";145
10,5167932266142;"BCC 370";146
12,3369095725653;"BCC 370";147
3,26954839534674;"BCC 370";148
11,6302888313642;"BCC 370";149
3,22048402344424;"BCC 370";150
21,4548834634963;"BCC 370";151
18,2115532370774;"BCC 370";152
16,795235712447;"BCC 370";153
13,0558099589836;"BCC 370";154
19,8832419859135;"BCC 370";155
15,0008843180015;"BCC 370";156
30,2825150652167;"BCC 370";157
26,9465312687543;"BCC 370";158
23,1185879605586;"BCC 370";159
21,9528211144312;"BCC 370";160
8,28254220064371;"BCC 370";161
8,70803818133069;"BCC 370";162
8,32456735898602;"BCC 370";163
5,72145048049078;"BCC 370";164
9,26293258008527;"BCC 370";165
11,9922959807469;"BCC 370";166
8,38630024668646;"BCC 370";167
3,32494121380106;"BCC 370";168
18,069281179923;"BCC 370";169
5,6128133310759;"BCC 370";170
8,66374265813114;"BCC 370";171
18,1341527254836;"BCC 370";172
17,0248943312188;"BCC 370";173
18,5767174573626;"BCC 370";174
8,10856333512439;"BCC 370";175
4,57629881356931;"BCC 370";176
29,3764133288709;"BCC 370";177
17,0021489189776;"BCC 370";179
8,89216522606475;"BCC 370";180
11,0453078736644;"BCC 370";181
13,3096496510012;"BCC 370";182
18,3391673373095;"BCC 370";183
14,3079606501718;"BCC 370";184
8,29424863444685;"BCC 370";185
17,4838011908113;"BCC 370";186
27,522615699881;"BCC 370";187
20,1764779521307;"BCC 370";188
9,97394426293773;"BCC 370";189
30,5887870261513;"BCC 370";190
10,0554390610857;"BCC 370";191
33,5652193829956;"BCC 370";192
4,12440154022041;"BCC 370";193
4,67565777181807;"BCC 370";194
19,168790532633;"BCC 370";195
4,50333638361526;"BCC 370";197
9,04855940685468;"BCC 370";198
14,2634635005049;"BCC 370";199
16,3873867495174;"BCC 370";200
20,3803127191194;"BCC 370";201
15,1264968297276;"BCC 370";202
10,1744990636763;"BCC 370";203
5,15896501748354;"BCC 370";204
17,337602707182;"BCC 370";205
9,08064224211578;"BCC 370";206
10,1363077045184;"BCC 370";207
19,7215875833164;"BCC 370";208
23,3648335289617;"BCC 370";209
24,0337149032857;"BCC 370";210
8,10205192430095;"BCC 370";211
23,1786726699903;"BCC 370";212
7,19920273104158;"BCC 370";213
18,4959662145009;"BCC 370";214
7,35986293248359;"BCC 370";215
31,2273055324313;"BCC 370";216
23,2317507443195;"BCC 370";217
5,16231203981993;"BCC 370";218
14,1128814742994;"BCC 370";219
19,3132257038906;"BCC 370";220
14,5274459270036;"BCC 370";222
29,1828277497066;"BCC 370";223
5,45606019066614;"BCC 370";224
14,5132895878193;"BCC 370";225
23,3230740814472;"BCC 370";227
14,200178283177;"BCC 370";229
14,9115338240933;"BCC 370";230
34,3456328943809;"BCC 370";231
38,1202409758727;"BCC 370";232
33,41053755083;"BCC 370";233
27,6722704613259;"BCC 370";234
21,2304517079925;"BCC 370";235
11,0204170161096;"BCC 370";236
6,07834734579936;"BCC 370";237
14,9466608644322;"BCC 370";238
26,8648072858268;"BCC 370";239
23,0298012120444;"BCC 370";240
7,62924415353784;"BCC 370";241
13,269245393992;"BCC 370";242
34,3315414801525;"BCC 370";243
28,4750747025815;"BCC 370";244
5,69198083536174;"BCC 370";245
23,0572516626528;"BCC 370";246
21,095968686161;"BCC 370";247
7,10002603504051;"BCC 370";248
28,4942185797614;"BCC 370";249
20,8171384983719;"BCC 370";250
17,2344151259265;"BCC 370";251
11,2824531626208;"BCC 370";252
5,4743653393265;"BCC 370";253
5,52142932123114;"BCC 585";0
3,76329709963848;"BCC 585";1
16,3695226880665;"BCC 585";2
18,5751167457273;"BCC 585";3
8,77537048120027;"BCC 585";4
7,74908269182364;"BCC 585";5
11,8115812960825;"BCC 585";6
4,0194258618465;"BCC 585";7
2,670511278881;"BCC 585";8
6,61466446669828;"BCC 585";9
8,87197310821023;"BCC 585";10
4,19949681313775;"BCC 585";11
3,54409596750427;"BCC 585";12
9,23478483436962;"BCC 585";13
6,18364368866949;"BCC 585";14
3,51612159682517;"BCC 585";15
11,1209734006277;"BCC 585";16
4,22497143573173;"BCC 585";17
3,12373718942579;"BCC 585";18
12,0982713094063;"BCC 585";19
7,12908366554299;"BCC 585";20
3,51306741042213;"BCC 585";21
4,25137814129564;"BCC 585";22
7,3242609556898;"BCC 585";23
2,81856751200438;"BCC 585";24
4,08085041953658;"BCC 585";25
5,60041323061848;"BCC 585";26
5,81260991800259;"BCC 585";27
3,29882632813175;"BCC 585";28
2,17119233200643;"BCC 585";29
9,85975321546205;"BCC 585";30
5,41117763209635;"BCC 585";31
3,25306798662718;"BCC 585";32
9,8475051961437;"BCC 585";33
19,6868693071445;"BCC 585";34
11,8130166395334;"BCC 585";35
3,54040048889769;"BCC 585";36
3,30755909178992;"BCC 585";37
11,261056053637;"BCC 585";38
10,7283778914737;"BCC 585";39
7,28049137880084;"BCC 585";40
15,9385663850233;"BCC 585";41
8,20983008827702;"BCC 585";42
10,6282570766131;"BCC 585";43
20,1924694105571;"BCC 585";44
3,56497401804895;"BCC 585";45
12,0440809501639;"BCC 585";46
27,9511982704613;"BCC 585";47
12,4540062995517;"BCC 585";48
2,17546456289728;"BCC 585";49
9,49534535742938;"BCC 585";50
3,69068892002265;"BCC 585";51
7,77679919118281;"BCC 585";52
14,4801795465904;"BCC 585";53
3,89398804701192;"BCC 585";54
10,9121074774314;"BCC 585";55
9,86343749997284;"BCC 585";56
3,0898244635794;"BCC 585";57
3,27606163095293;"BCC 585";58
5,71393288499333;"BCC 585";59
3,45474169313053;"BCC 585";60
17,9701677253956;"BCC 585";61
12,9579297587709;"BCC 585";62
5,05837350091705;"BCC 585";63
4,0980046056357;"BCC 585";64
7,79419858700952;"BCC 585";65
10,7971553835448;"BCC 585";66
4,52243769461269;"BCC 585";67
8,52490021355159;"BCC 585";68
10,3965694576322;"BCC 585";69
3,37634407014781;"BCC 585";70
10,5396032939228;"BCC 585";71
14,301342620477;"BCC 585";72
17,718051340809;"BCC 585";73
5,79556633743017;"BCC 585";74
10,7270758522006;"BCC 585";75
2,96219654821881;"BCC 585";76
2,5634124304822;"BCC 585";77
2,7907562314743;"BCC 585";78
4,93754755692291;"BCC 585";79
5,67607208883916;"BCC 585";80
3,38009476353733;"BCC 585";81
10,9923520508259;"BCC 585";82
2,92192752316673;"BCC 585";83
17,9724717100604;"BCC 585";84
3,63409013493138;"BCC 585";85
11,9871617552205;"BCC 585";86
2,67526801886914;"BCC 585";87
2,05542211172544;"BCC 585";88
10,8212552878669;"BCC 585";89
20,16826023628;"BCC 585";90
26,6601040397771;"BCC 585";91
23,0401804182413;"BCC 585";92
15,1478731832315;"BCC 585";93
5,34464811913588;"BCC 585";94
14,5286487033847;"BCC 585";95
4,33822075027514;"BCC 585";96
4,78252012132986;"BCC 585";97
5,45071065271547;"BCC 585";98
12,1705484417773;"BCC 585";99
20,0954158855477;"BCC 585";100
10,5211462431132;"BCC 585";102
2,7780673568956;"BCC 585";103
5,72801487496591;"BCC 585";104
36,4382535668354;"BCC 585";105
3,65118963066759;"BCC 585";107
5,9282383466469;"BCC 585";108
6,22655882610902;"BCC 585";109
4,60016483876367;"BCC 585";110
5,49888607562673;"BCC 585";111
36,235103025117;"BCC 585";112
2,23560867048944;"BCC 585";113
2,65777255666532;"BCC 585";114
13,3811053502553;"BCC 585";115
3,32596250123668;"BCC 585";116
13,0600171455352;"BCC 585";117
10,8539151506211;"BCC 585";118
5,13071696427355;"BCC 585";119
4,64699129241667;"BCC 585";120
12,6258082998282;"BCC 585";121
7,36307577019603;"BCC 585";122
22,3978672845179;"BCC 585";123
4,48901506779756;"BCC 585";124
5,23975973056244;"BCC 585";125
15,9155467900219;"BCC 585";126
7,54664963651381;"BCC 585";127
21,9536020249149;"BCC 585";128
2,72447190212951;"BCC 585";129
3,39025948210613;"BCC 585";130
6,30505806388752;"BCC 585";131
24,5286497504759;"BCC 585";132
2,99600423371737;"BCC 585";133
5,23873219327715;"BCC 585";134
4,34641341017638;"BCC 585";135
3,69611871194876;"BCC 585";136
11,2579370449752;"BCC 585";137
7,27213109215638;"BCC 585";138
6,81591608821021;"BCC 585";139
11,149622112654;"BCC 585";140
10,7495177579548;"BCC 585";141
8,91345905718374;"BCC 585";142
24,5286814797311;"BCC 585";143
4,04007089480224;"BCC 585";144
8,92029451253295;"BCC 585";145
11,5811991002429;"BCC 585";146
12,3019374315383;"BCC 585";147
3,34358543929996;"BCC 585";148
11,6553924955571;"BCC 585";149
3,29890180073195;"BCC 585";150
21,905479799897;"BCC 585";151
17,7221531545616;"BCC 585";152
16,7063346631607;"BCC 585";153
13,4396602759264;"BCC 585";154
18,8385887879529;"BCC 585";155
15,3683932336374;"BCC 585";156
30,7923004881856;"BCC 585";157
20,0711004769163;"BCC 585";158
17,2628467287955;"BCC 585";159
21,4645007595357;"BCC 585";160
8,18000455661598;"BCC 585";161
9,49472083326467;"BCC 585";162
8,97074328529384;"BCC 585";163
5,81976546792188;"BCC 585";164
9,27187305691761;"BCC 585";165
13,6881671778181;"BCC 585";166
8,63843588198171;"BCC 585";167
4,86013794937664;"BCC 585";168
18,1425196240724;"BCC 585";169
5,54729526547787;"BCC 585";170
9,39860402485902;"BCC 585";171
12,0431862971162;"BCC 585";172
17,1887616947872;"BCC 585";173
17,5568981730624;"BCC 585";174
7,89912635734084;"BCC 585";175
6,66338600611073;"BCC 585";176
30,7347925741334;"BCC 585";177
18,3654568768799;"BCC 585";179
10,8160792646669;"BCC 585";180
11,7600800054423;"BCC 585";181
13,0609901569496;"BCC 585";182
31,5050513089191;"BCC 585";183
15,4484406045757;"BCC 585";184
8,08761936133891;"BCC 585";185
18,4016779240146;"BCC 585";186
27,8532592554047;"BCC 585";187
20,2230003587748;"BCC 585";188
10,0430846658303;"BCC 585";189
30,2011479837038;"BCC 585";190
9,7940708438047;"BCC 585";191
33,0928715283867;"BCC 585";192
4,37835509740272;"BCC 585";193
4,40191298850053;"BCC 585";194
19,2413022718514;"BCC 585";195
4,50230847560588;"BCC 585";197
9,02125209248055;"BCC 585";198
14,2893475744251;"BCC 585";199
16,6944744126151;"BCC 585";200
20,3817772485418;"BCC 585";201
15,2282059423169;"BCC 585";202
10,094591897302;"BCC 585";203
5,22569089227878;"BCC 585";204
17,343484606601;"BCC 585";205
9,04286858291057;"BCC 585";206
9,77554509510758;"BCC 585";207
19,8660450920241;"BCC 585";208
23,3396166334315;"BCC 585";209
24,1871132815167;"BCC 585";210
8,08650669725068;"BCC 585";211
23,4222851969051;"BCC 585";212
7,26556470375576;"BCC 585";213
18,5879313551184;"BCC 585";214
7,51268030788501;"BCC 585";215
31,2506455988763;"BCC 585";216
23,210004300928;"BCC 585";217
5,16293483397491;"BCC 585";218
14,2335059036982;"BCC 585";219
18,6290743409687;"BCC 585";220
13,4439315197732;"BCC 585";222
29,432875087287;"BCC 585";223
5,45616555744726;"BCC 585";224
14,3693375473797;"BCC 585";225
25,7872424299939;"BCC 585";227
16,5372150767696;"BCC 585";229
13,2999516746465;"BCC 585";230
34,3456328943809;"BCC 585";231
38,1157546584826;"BCC 585";232
42,9333663402731;"BCC 585";233
28,5292104976981;"BCC 585";234
21,349581661698;"BCC 585";235
9,60749564865507;"BCC 585";236
5,90319385646167;"BCC 585";237
15,1175102660641;"BCC 585";238
26,7879147835825;"BCC 585";239
23,1123194148903;"BCC 585";240
7,70508692228393;"BCC 585";241
13,5721536429496;"BCC 585";242
33,4971823724432;"BCC 585";243
28,6849625216192;"BCC 585";244
5,66327956297298;"BCC 585";245
23,9872916331211;"BCC 585";246
21,2812407493311;"BCC 585";247
7,67158308893737;"BCC 585";248
28,6708183386234;"BCC 585";249
21,0942114070947;"BCC 585";250
15,6254582990193;"BCC 585";251
11,2546893669612;"BCC 585";252
5,41073935022646;"BCC 585";253
4,97545472389565;"CNRM 126";0
6,8874105410044;"CNRM 126";1
16,3953905100515;"CNRM 126";2
17,9247367358354;"CNRM 126";3
10,1600753589922;"CNRM 126";4
13,2338839722162;"CNRM 126";5
11,4975785341047;"CNRM 126";6
4,30473581117859;"CNRM 126";7
3,03995426576375;"CNRM 126";8
13,5054414244441;"CNRM 126";9
4,91311227120618;"CNRM 126";10
3,73837534219971;"CNRM 126";11
2,39494292879342;"CNRM 126";12
8,98754730338649;"CNRM 126";13
6,88737693656318;"CNRM 126";14
3,3588930241709;"CNRM 126";15
11,1716691998383;"CNRM 126";16
3,93509418917496;"CNRM 126";17
2,85042041264025;"CNRM 126";18
11,756590859458;"CNRM 126";19
7,66983639043223;"CNRM 126";20
4,52480004330225;"CNRM 126";21
4,29643084619577;"CNRM 126";22
6,71280350020013;"CNRM 126";23
3,91860649996351;"CNRM 126";24
3,66290551589992;"CNRM 126";25
5,25980258238689;"CNRM 126";26
5,01734978619306;"CNRM 126";27
2,34500429175685;"CNRM 126";28
2,22434616060263;"CNRM 126";29
9,68786513584313;"CNRM 126";30
4,64278881027536;"CNRM 126";31
3,87917580024375;"CNRM 126";32
10,4768604742412;"CNRM 126";33
17,3377525828704;"CNRM 126";34
13,5560126996597;"CNRM 126";35
4,25764566917045;"CNRM 126";36
4,48990113417181;"CNRM 126";37
10,6674529545964;"CNRM 126";38
11,003415213537;"CNRM 126";39
7,791924657996;"CNRM 126";40
17,418314221313;"CNRM 126";41
4,0675443492179;"CNRM 126";42
19,5946987225055;"CNRM 126";43
20,180159021971;"CNRM 126";44
3,53511043103532;"CNRM 126";45
7,9721180653061;"CNRM 126";46
28,8509623543316;"CNRM 126";47
15,3175864868627;"CNRM 126";48
2,17597163401015;"CNRM 126";49
8,75311538921815;"CNRM 126";50
4,16208661297441;"CNRM 126";51
9,28932323045932;"CNRM 126";52
14,2031540868828;"CNRM 126";53
3,33374491227125;"CNRM 126";54
11,6896133416414;"CNRM 126";55
9,29876337514018;"CNRM 126";56
3,35664398447344;"CNRM 126";57
3,7938748849634;"CNRM 126";58
5,463239583744;"CNRM 126";59
3,34783751658755;"CNRM 126";60
18,6263198935781;"CNRM 126";61
7,80125484071701;"CNRM 126";62
3,15448338353566;"CNRM 126";63
3,86899864423165;"CNRM 126";64
6,70757528820844;"CNRM 126";65
14,5483350421492;"CNRM 126";66
8,88488160134545;"CNRM 126";67
7,82676282860404;"CNRM 126";68
5,24136682161584;"CNRM 126";69
3,78625150320748;"CNRM 126";70
6,25832030068051;"CNRM 126";71
12,7063361132811;"CNRM 126";72
13,3757714398358;"CNRM 126";73
3,47555947337904;"CNRM 126";74
9,42126909041482;"CNRM 126";75
2,41736303256882;"CNRM 126";76
3,14127178200702;"CNRM 126";77
2,65427391111908;"CNRM 126";78
6,19505363619882;"CNRM 126";79
5,90893010355805;"CNRM 126";80
2,92297275593713;"CNRM 126";81
14,0592273268434;"CNRM 126";82
7,7862871429507;"CNRM 126";83
14,0041268831369;"CNRM 126";84
3,80102403826539;"CNRM 126";85
10,5024160958047;"CNRM 126";86
2,65380303026599;"CNRM 126";87
2,06170799243724;"CNRM 126";88
10,1521525640398;"CNRM 126";89
17,4419983739997;"CNRM 126";90
24,0289041371786;"CNRM 126";91
20,4518992117372;"CNRM 126";92
14,3629277690117;"CNRM 126";93
4,75023331390206;"CNRM 126";94
14,5583365326361;"CNRM 126";95
4,4481814249192;"CNRM 126";96
6,24555580881795;"CNRM 126";97
7,29039114701108;"CNRM 126";98
11,5698875956428;"CNRM 126";99
20,0234455161077;"CNRM 126";100
10,337291696593;"CNRM 126";102
2,687889350472;"CNRM 126";103
5,72801487496591;"CNRM 126";104
36,5385344433149;"CNRM 126";105
3,0740669034844;"CNRM 126";107
6,4853024617721;"CNRM 126";108
5,96634429899896;"CNRM 126";109
4,96230120925045;"CNRM 126";110
5,64823422946509;"CNRM 126";111
36,1890478225667;"CNRM 126";112
2,19555868697941;"CNRM 126";113
2,95655310982578;"CNRM 126";114
9,04852361305005;"CNRM 126";115
6,0399712174517;"CNRM 126";116
12,6528018351829;"CNRM 126";117
10,7922593970148;"CNRM 126";118
7,05205010116109;"CNRM 126";119
3,9028891921155;"CNRM 126";120
12,3268358440186;"CNRM 126";121
4,38134858770545;"CNRM 126";122
20,5654733104408;"CNRM 126";123
2,97059827721171;"CNRM 126";124
2,88420072800976;"CNRM 126";125
15,0582485694157;"CNRM 126";126
9,75171550965712;"CNRM 126";127
21,559854566595;"CNRM 126";128
2,84241429865005;"CNRM 126";129
10,086337912617;"CNRM 126";130
6,11042002035711;"CNRM 126";131
24,8646086168136;"CNRM 126";132
2,71691155168219;"CNRM 126";133
5,36949406316423;"CNRM 126";134
4,33919277502985;"CNRM 126";135
3,8378932396501;"CNRM 126";136
11,2598363698848;"CNRM 126";137
6,38288621597432;"CNRM 126";138
6,88954022745159;"CNRM 126";139
10,6118513580297;"CNRM 126";140
10,5703553099028;"CNRM 126";141
5,56163082887046;"CNRM 126";142
24,5286814797311;"CNRM 126";143
4,35675531303351;"CNRM 126";144
7,16458363612387;"CNRM 126";145
8,80554840742887;"CNRM 126";146
12,448409398296;"CNRM 126";147
3,25460288759909;"CNRM 126";148
11,8887466783132;"CNRM 126";149
3,08314091491062;"CNRM 126";150
20,8702301096629;"CNRM 126";151
16,8533177398916;"CNRM 126";152
17,4072046311884;"CNRM 126";153
11,4956160640486;"CNRM 126";154
20,9804206518437;"CNRM 126";155
14,6116276316834;"CNRM 126";156
31,7706519144181;"CNRM 126";157
20,1511194767193;"CNRM 126";158
24,3161574227105;"CNRM 126";159
20,981184545143;"CNRM 126";160
8,08204889536539;"CNRM 126";161
9,65476458755894;"CNRM 126";162
8,37265301732643;"CNRM 126";163
5,7567123565089;"CNRM 126";164
9,86901605943169;"CNRM 126";165
12,0279311992178;"CNRM 126";166
8,38409082738611;"CNRM 126";167
3,40092112223704;"CNRM 126";168
18,6063617620296;"CNRM 126";169
5,60111614904664;"CNRM 126";170
8,72303379191462;"CNRM 126";171
18,4773885650928;"CNRM 126";172
16,8766656574339;"CNRM 126";173
17,5568981730624;"CNRM 126";174
7,89912635734084;"CNRM 126";175
4,15936113157377;"CNRM 126";176
29,3694835915197;"CNRM 126";177
16,8894050012535;"CNRM 126";179
8,81311978106516;"CNRM 126";180
11,0364194735109;"CNRM 126";181
13,2293130229303;"CNRM 126";182
18,1310634478005;"CNRM 126";183
14,1128767696145;"CNRM 126";184
8,42504680600168;"CNRM 126";185
18,5340707436028;"CNRM 126";186
27,9142834543167;"CNRM 126";187
19,9930192906535;"CNRM 126";188
9,73700982649401;"CNRM 126";189
29,3532953381737;"CNRM 126";190
9,99142405449921;"CNRM 126";191
33,0778576697142;"CNRM 126";192
4,31238205569647;"CNRM 126";193
4,57170431460116;"CNRM 126";194
19,6465380789833;"CNRM 126";195
4,54757931007865;"CNRM 126";197
9,12496856753361;"CNRM 126";198
14,3897503468245;"CNRM 126";199
16,2252349551312;"CNRM 126";200
22,3743331902043;"CNRM 126";201
15,0493454126122;"CNRM 126";202
10,2237474116655;"CNRM 126";203
5,34813834381019;"CNRM 126";204
17,2304212421953;"CNRM 126";205
8,97813147847735;"CNRM 126";206
9,82689345701643;"CNRM 126";207
20,1062204018317;"CNRM 126";208
23,7320632424653;"CNRM 126";209
24,4033172171447;"CNRM 126";210
8,10117695801103;"CNRM 126";211
23,1827107248335;"CNRM 126";212
7,29904094562497;"CNRM 126";213
19,1238538239266;"CNRM 126";214
7,83890966099207;"CNRM 126";215
31,8422359195811;"CNRM 126";216
23,3357068288017;"CNRM 126";217
5,04006318961888;"CNRM 126";218
12,9875748062721;"CNRM 126";219
19,1424230891385;"CNRM 126";220
13,2955670339386;"CNRM 126";222
26,9133157766876;"CNRM 126";223
5,48707032404508;"CNRM 126";224
14,2918767515541;"CNRM 126";225
23,4100865874614;"CNRM 126";227
15,2740681148428;"CNRM 126";229
14,6616059691226;"CNRM 126";230
34,3835995204129;"CNRM 126";231
38,1866784240803;"CNRM 126";232
32,9248520889586;"CNRM 126";233
28,6696208394032;"CNRM 126";234
21,1781622815092;"CNRM 126";235
9,68693660148435;"CNRM 126";236
6,23425714809731;"CNRM 126";237
15,0328135120148;"CNRM 126";238
26,6727171477606;"CNRM 126";239
23,0239514879811;"CNRM 126";240
7,65114156912537;"CNRM 126";241
13,2288739802753;"CNRM 126";242
32,9740208405403;"CNRM 126";243
28,7471340748919;"CNRM 126";244
5,39228027354448;"CNRM 126";245
24,4967946903741;"CNRM 126";246
22,8314190236398;"CNRM 126";247
7,57658767124883;"CNRM 126";248
28,6268046451634;"CNRM 126";249
21,4352891271359;"CNRM 126";250
14,2267318342807;"CNRM 126";251
11,1210278164372;"CNRM 126";252
5,22059344547825;"CNRM 126";253
5,95445071015087;"CNRM 370";0
6,72366533692217;"CNRM 370";1
16,4418889447248;"CNRM 370";2
17,9221898056576;"CNRM 370";3
10,665919939831;"CNRM 370";4
10,2050681660969;"CNRM 370";5
11,8844989915088;"CNRM 370";6
3,98279211082292;"CNRM 370";7
2,44362881061874;"CNRM 370";8
5,84503391259756;"CNRM 370";9
8,14299144569598;"CNRM 370";10
3,93194078980361;"CNRM 370";11
2,48258140761933;"CNRM 370";12
9,2684429003198;"CNRM 370";13
6,71470955172376;"CNRM 370";14
3,476990171576;"CNRM 370";15
12,4101810801765;"CNRM 370";16
4,18571237832245;"CNRM 370";17
3,14347014697391;"CNRM 370";18
12,2655319299435;"CNRM 370";19
7,80451452679161;"CNRM 370";20
3,96231458008858;"CNRM 370";21
4,51131979740037;"CNRM 370";22
7,50063769025444;"CNRM 370";23
3,2766643087984;"CNRM 370";24
3,8993384050001;"CNRM 370";25
5,01193419269894;"CNRM 370";26
5,13365579346659;"CNRM 370";27
2,55181811633364;"CNRM 370";28
2,15811424039494;"CNRM 370";29
10,1114399809352;"CNRM 370";30
4,89371264725419;"CNRM 370";31
3,27697134924879;"CNRM 370";32
9,86051148683374;"CNRM 370";33
19,5314927047553;"CNRM 370";34
11,9706196202305;"CNRM 370";35
3,34424518661656;"CNRM 370";36
5,09481788183459;"CNRM 370";37
10,9249551756989;"CNRM 370";38
10,6430791738653;"CNRM 370";39
8,02043334188487;"CNRM 370";40
17,8471598107071;"CNRM 370";41
5,00330362187177;"CNRM 370";42
20,2667413919798;"CNRM 370";43
19,9426955497537;"CNRM 370";44
3,59526110884876;"CNRM 370";45
12,6653361843798;"CNRM 370";46
28,140424399144;"CNRM 370";47
15,1551375750964;"CNRM 370";48
2,19299554707553;"CNRM 370";49
9,02741545094357;"CNRM 370";50
4,139516736302;"CNRM 370";51
8,42641923929597;"CNRM 370";52
14,2170070769546;"CNRM 370";53
3,35257000102425;"CNRM 370";54
11,4345709220467;"CNRM 370";55
9,65234186192177;"CNRM 370";56
3,30686372495801;"CNRM 370";57
3,52704360756621;"CNRM 370";58
5,21798020909126;"CNRM 370";59
3,21747542385633;"CNRM 370";60
19,0263199019176;"CNRM 370";61
13,5287459093679;"CNRM 370";62
3,2790848407749;"CNRM 370";63
3,61196827111965;"CNRM 370";64
6,7978248816073;"CNRM 370";65
15,0219580400034;"CNRM 370";66
5,30653168539964;"CNRM 370";67
8,18570689572367;"CNRM 370";68
7,95813011317767;"CNRM 370";69
3,31246622510272;"CNRM 370";70
9,80246112234297;"CNRM 370";71
13,5712820450409;"CNRM 370";72
16,4591965602829;"CNRM 370";73
5,46956970400117;"CNRM 370";74
9,97727371045338;"CNRM 370";75
2,94994488854129;"CNRM 370";76
2,82802787947443;"CNRM 370";77
2,42777464380731;"CNRM 370";78
5,22744088355107;"CNRM 370";79
5,82802438550867;"CNRM 370";80
2,99100353323422;"CNRM 370";81
8,82342538751309;"CNRM 370";82
7,40039804705386;"CNRM 370";83
18,5060766858168;"CNRM 370";84
3,70120751274444;"CNRM 370";85
11,4756079293426;"CNRM 370";86
2,61861398048716;"CNRM 370";87
2,06526795974307;"CNRM 370";88
10,6543977602027;"CNRM 370";89
17,4419983739997;"CNRM 370";90
24,0289041371786;"CNRM 370";91
17,5685756615461;"CNRM 370";92
14,7783715203161;"CNRM 370";93
4,39240391425399;"CNRM 370";94
14,7173931456395;"CNRM 370";95
4,50059489920177;"CNRM 370";96
4,92535031857045;"CNRM 370";97
5,58340398218318;"CNRM 370";98
12,5790195672698;"CNRM 370";99
19,9940449553081;"CNRM 370";100
10,4910734166961;"CNRM 370";102
2,77122133921906;"CNRM 370";103
5,72801487496591;"CNRM 370";104
37,2200126698768;"CNRM 370";105
3,23365566884477;"CNRM 370";107
6,40755150135263;"CNRM 370";108
5,92884349318801;"CNRM 370";109
4,72275562433515;"CNRM 370";110
5,62629183336197;"CNRM 370";111
36,2402075991991;"CNRM 370";112
2,24604796352444;"CNRM 370";113
2,98690447816036;"CNRM 370";114
11,2714502205551;"CNRM 370";115
4,16283618242728;"CNRM 370";116
12,5309037589478;"CNRM 370";117
9,69735396206362;"CNRM 370";118
5,92265573453893;"CNRM 370";119
4,42042829694645;"CNRM 370";120
11,8874699545617;"CNRM 370";121
5,99910723765775;"CNRM 370";122
22,3841143961862;"CNRM 370";123
4,59717145815967;"CNRM 370";124
5,58653084475558;"CNRM 370";125
15,7767612883593;"CNRM 370";126
7,25695534256924;"CNRM 370";127
21,560528672694;"CNRM 370";128
2,79637230785867;"CNRM 370";129
3,52171506649351;"CNRM 370";130
7,87334724829864;"CNRM 370";131
24,5304934611331;"CNRM 370";132
2,96538353981614;"CNRM 370";133
5,48927452746322;"CNRM 370";134
4,2577181101172;"CNRM 370";135
3,68622327527344;"CNRM 370";136
11,2598363698848;"CNRM 370";137
6,38288621597432;"CNRM 370";138
6,95354605650128;"CNRM 370";139
11,1826159677181;"CNRM 370";140
10,664094699089;"CNRM 370";141
6,27859694250206;"CNRM 370";142
24,5286814797311;"CNRM 370";143
3,59212408050998;"CNRM 370";144
6,36726923958375;"CNRM 370";145
10,8284820624728;"CNRM 370";146
12,1287800219194;"CNRM 370";147
3,22479742583953;"CNRM 370";148
11,756117883949;"CNRM 370";149
3,05376526705896;"CNRM 370";150
21,144185661753;"CNRM 370";151
17,0743172607779;"CNRM 370";152
16,8274104403245;"CNRM 370";153
13,0984537685718;"CNRM 370";154
18,7057835643274;"CNRM 370";155
15,2304152285013;"CNRM 370";156
29,1518620706673;"CNRM 370";157
20,6165163701552;"CNRM 370";158
15,9162183885619;"CNRM 370";159
21,152597035012;"CNRM 370";160
6,52468072739198;"CNRM 370";161
8,68779286339018;"CNRM 370";162
8,88469141618858;"CNRM 370";163
5,70547654429959;"CNRM 370";164
9,17667894097958;"CNRM 370";165
12,3466086341685;"CNRM 370";166
8,61958156326849;"CNRM 370";167
3,55242067445751;"CNRM 370";168
18,1195085540616;"CNRM 370";169
5,51330773176207;"CNRM 370";170
8,84448084890346;"CNRM 370";171
14,6247397272082;"CNRM 370";172
16,9578855481619;"CNRM 370";173
17,5636245187693;"CNRM 370";174
8,7274805547108;"CNRM 370";175
7,31750299428998;"CNRM 370";176
31,2771485366211;"CNRM 370";177
18,0061712474742;"CNRM 370";179
8,90346145280201;"CNRM 370";180
11,0580750063051;"CNRM 370";181
13,2582523062315;"CNRM 370";182
22,8596569859181;"CNRM 370";183
13,8582047347168;"CNRM 370";184
8,59810540895846;"CNRM 370";185
18,208266987121;"CNRM 370";186
27,7342731965097;"CNRM 370";187
20,0152034775517;"CNRM 370";188
9,99310787449091;"CNRM 370";189
29,3251448030829;"CNRM 370";190
9,86757797290848;"CNRM 370";191
32,9221496366871;"CNRM 370";192
4,28555704698231;"CNRM 370";193
4,65963709313679;"CNRM 370";194
19,6487387012699;"CNRM 370";195
4,55244575358068;"CNRM 370";197
9,13704373766148;"CNRM 370";198
14,3654248061779;"CNRM 370";199
16,1174981710398;"CNRM 370";200
22,1685858897026;"CNRM 370";201
15,0553090899851;"CNRM 370";202
10,1649767798212;"CNRM 370";203
5,21039095699394;"CNRM 370";204
16,7772995178371;"CNRM 370";205
9,12602738906189;"CNRM 370";206
9,50867557127286;"CNRM 370";207
20,3804339672309;"CNRM 370";208
23,4176982986283;"CNRM 370";209
24,988228580073;"CNRM 370";210
8,09133553316285;"CNRM 370";211
22,9568456521195;"CNRM 370";212
7,21761361328624;"CNRM 370";213
18,8447687188551;"CNRM 370";214
7,84118110710155;"CNRM 370";215
31,8422359195811;"CNRM 370";216
23,3401551242764;"CNRM 370";217
4,93807089457576;"CNRM 370";218
13,0653051801766;"CNRM 370";219
19,1996525197209;"CNRM 370";220
13,2522073504272;"CNRM 370";222
28,250731246733;"CNRM 370";223
5,48651013679877;"CNRM 370";224
14,5093337430369;"CNRM 370";225
23,3230740814472;"CNRM 370";227
14,8608875168653;"CNRM 370";229
15,1506050115514;"CNRM 370";230
34,2534149033799;"CNRM 370";231
38,2057545955678;"CNRM 370";232
32,7010443778569;"CNRM 370";233
28,498922628923;"CNRM 370";234
21,3266682098072;"CNRM 370";235
9,50786104481391;"CNRM 370";236
5,96365916224561;"CNRM 370";237
15,1503205618749;"CNRM 370";238
26,5325054136035;"CNRM 370";239
22,6296488284894;"CNRM 370";240
7,67464444532374;"CNRM 370";241
13,2583417939093;"CNRM 370";242
33,2997504735764;"CNRM 370";243
28,7357881356924;"CNRM 370";244
5,42026213639059;"CNRM 370";245
24,2723496386182;"CNRM 370";246
21,936539819143;"CNRM 370";247
7,10160749162799;"CNRM 370";248
28,4783881155065;"CNRM 370";249
21,5244903393724;"CNRM 370";250
14,4289401049987;"CNRM 370";251
11,0622381565766;"CNRM 370";252
5,38789358659396;"CNRM 370";253
5,46772510970087;"CNRM 585";0
5,68831897385263;"CNRM 585";1
16,4459305415806;"CNRM 585";2
17,9643100294484;"CNRM 585";3
10,6994011641532;"CNRM 585";4
13,1260525492347;"CNRM 585";5
11,9267914760344;"CNRM 585";6
4,15507259033356;"CNRM 585";7
2,4794206668281;"CNRM 585";8
5,75952274118094;"CNRM 585";9
8,71098585126225;"CNRM 585";10
4,21406424821653;"CNRM 585";11
2,49179663155762;"CNRM 585";12
8,87564887563919;"CNRM 585";13
6,8709160512334;"CNRM 585";14
3,51078038740592;"CNRM 585";15
12,1929923907187;"CNRM 585";16
4,1771851208614;"CNRM 585";17
3,18466718131368;"CNRM 585";18
12,3863321666151;"CNRM 585";19
6,82304836417157;"CNRM 585";20
3,75535215544332;"CNRM 585";21
4,44586023504388;"CNRM 585";22
7,27721203435493;"CNRM 585";23
3,06913520947349;"CNRM 585";24
4,04528869829633;"CNRM 585";25
4,82610740750004;"CNRM 585";26
5,11076543243162;"CNRM 585";27
3,29666742246909;"CNRM 585";28
2,21184935078387;"CNRM 585";29
9,82291692847478;"CNRM 585";30
5,40230215734362;"CNRM 585";31
3,2770289883256;"CNRM 585";32
9,86476301855475;"CNRM 585";33
19,8137241002456;"CNRM 585";34
11,6957639182292;"CNRM 585";35
3,42857332041296;"CNRM 585";36
5,09420910349431;"CNRM 585";37
10,6993614245813;"CNRM 585";38
10,9806421168599;"CNRM 585";39
7,89009990778955;"CNRM 585";40
17,8645719930183;"CNRM 585";41
4,04435520615454;"CNRM 585";42
20,2920214862563;"CNRM 585";43
20,0551939246419;"CNRM 585";44
3,59390215961317;"CNRM 585";45
12,6889431513196;"CNRM 585";46
28,7161247752573;"CNRM 585";47
14,9166794111014;"CNRM 585";48
2,16417957950391;"CNRM 585";49
8,78189451645685;"CNRM 585";50
4,08310097779167;"CNRM 585";51
8,97810260300028;"CNRM 585";52
14,2041896452154;"CNRM 585";53
3,31839118640689;"CNRM 585";54
11,7046170952734;"CNRM 585";55
9,53001620541011;"CNRM 585";56
3,34947113477473;"CNRM 585";57
3,60930365496659;"CNRM 585";58
5,3276006754828;"CNRM 585";59
3,28183261456809;"CNRM 585";60
18,6696877629146;"CNRM 585";61
13,3689194347663;"CNRM 585";62
3,40061624556421;"CNRM 585";63
3,64522483336021;"CNRM 585";64
6,7158765148625;"CNRM 585";65
15,0318460417401;"CNRM 585";66
5,96927126079511;"CNRM 585";67
8,04139593494463;"CNRM 585";68
6,0172674332376;"CNRM 585";69
3,29941102932892;"CNRM 585";70
9,99690487516203;"CNRM 585";71
13,5183936738192;"CNRM 585";72
13,7333581773945;"CNRM 585";73
5,04939117957957;"CNRM 585";74
9,99221265513796;"CNRM 585";75
2,94500837286893;"CNRM 585";76
2,78257050349475;"CNRM 585";77
2,42998656289867;"CNRM 585";78
5,06410028635913;"CNRM 585";79
5,75127991167895;"CNRM 585";80
2,84214818329052;"CNRM 585";81
8,77177449910522;"CNRM 585";82
10,5790772513562;"CNRM 585";83
18,324301886961;"CNRM 585";84
3,85350779875644;"CNRM 585";85
11,677577770601;"CNRM 585";86
2,69681874531869;"CNRM 585";87
2,05363965881059;"CNRM 585";88
11,0622128481521;"CNRM 585";89
22,680184757064;"CNRM 585";90
26,6748806340215;"CNRM 585";91
23,05365040782;"CNRM 585";92
14,4239181637612;"CNRM 585";93
4,22746383101678;"CNRM 585";94
14,7493523576837;"CNRM 585";95
4,40886291580379;"CNRM 585";96
4,79500403551621;"CNRM 585";97
5,44825428828751;"CNRM 585";98
12,2294002034795;"CNRM 585";99
19,9849089746876;"CNRM 585";100
10,3834433896517;"CNRM 585";102
2,70483595474473;"CNRM 585";103
5,70094695475611;"CNRM 585";104
37,4438175635465;"CNRM 585";105
3,07062965674379;"CNRM 585";107
6,47819140751809;"CNRM 585";108
5,92139326064172;"CNRM 585";109
4,69388512324704;"CNRM 585";110
5,56243718299616;"CNRM 585";111
35,8676677864369;"CNRM 585";112
2,38783173205019;"CNRM 585";113
2,8768998092662;"CNRM 585";114
10,2920767343713;"CNRM 585";115
4,26781354174878;"CNRM 585";116
12,9553051044309;"CNRM 585";117
9,74976373447203;"CNRM 585";118
6,00461225916932;"CNRM 585";119
4,28429576376818;"CNRM 585";120
12,6694938712785;"CNRM 585";121
4,97426387755866;"CNRM 585";122
22,3227076459638;"CNRM 585";123
3,37742180042094;"CNRM 585";124
4,89061833176611;"CNRM 585";125
15,6612070140626;"CNRM 585";126
7,40509416733051;"CNRM 585";127
21,5585953613467;"CNRM 585";128
2,7324991809694;"CNRM 585";129
3,73320985813291;"CNRM 585";130
7,80709621333175;"CNRM 585";131
24,1827794752131;"CNRM 585";132
3,14169685296537;"CNRM 585";133
5,32869129862845;"CNRM 585";134
4,46737938354386;"CNRM 585";135
3,8924568087995;"CNRM 585";136
11,2598363698848;"CNRM 585";137
8,717156571264;"CNRM 585";138
6,91886610154437;"CNRM 585";139
11,1536486716957;"CNRM 585";140
10,5705986441769;"CNRM 585";141
6,21421274589499;"CNRM 585";142
24,5363538573761;"CNRM 585";143
3,61077382363853;"CNRM 585";144
6,64017975247401;"CNRM 585";145
10,7838091861305;"CNRM 585";146
12,2309799706132;"CNRM 585";147
3,26507017381233;"CNRM 585";148
11,6998997361982;"CNRM 585";149
3,09678269904187;"CNRM 585";150
21,3361280071467;"CNRM 585";151
18,2719755840888;"CNRM 585";152
16,7924370633375;"CNRM 585";153
13,4394787478541;"CNRM 585";154
18,7072057890204;"CNRM 585";155
15,0365661708908;"CNRM 585";156
30,3444503783666;"CNRM 585";157
20,857847219678;"CNRM 585";158
15,8602274207342;"CNRM 585";159
21,1483014244307;"CNRM 585";160
10,6753496815968;"CNRM 585";161
8,85830357362862;"CNRM 585";162
8,87026123061569;"CNRM 585";163
5,51945156716591;"CNRM 585";164
9,28444506968478;"CNRM 585";165
12,3495732006293;"CNRM 585";166
8,68228973377795;"CNRM 585";167
3,49074984891212;"CNRM 585";168
18,1143673568498;"CNRM 585";169
5,67801504046043;"CNRM 585";170
8,9032273848479;"CNRM 585";171
17,4410685405377;"CNRM 585";172
17,7331241249187;"CNRM 585";173
22,6919276703959;"CNRM 585";174
9,35780029984408;"CNRM 585";175
6,28881903121912;"CNRM 585";176
30,7929804016878;"CNRM 585";177
18,0055445888327;"CNRM 585";179
10,853123063315;"CNRM 585";180
11,1110503802728;"CNRM 585";181
13,1627350373852;"CNRM 585";182
21,8940396142025;"CNRM 585";183
14,169490146869;"CNRM 585";184
8,33703854892509;"CNRM 585";185
18,5307643950255;"CNRM 585";186
27,8441194359322;"CNRM 585";187
20,047484211282;"CNRM 585";188
9,69889000743611;"CNRM 585";189
29,2234313565538;"CNRM 585";190
10,0327619947734;"CNRM 585";191
33,7696179096327;"CNRM 585";192
4,17703907246571;"CNRM 585";193
4,67100795562365;"CNRM 585";194
19,5940235119569;"CNRM 585";195
4,51683307611229;"CNRM 585";197
9,144545088736;"CNRM 585";198
14,3860939709653;"CNRM 585";199
16,4239423326827;"CNRM 585";200
22,2896949240039;"CNRM 585";201
15,0551788712071;"CNRM 585";202
10,1515948754781;"CNRM 585";203
5,31566320056543;"CNRM 585";204
17,461484108403;"CNRM 585";205
9,30141560975988;"CNRM 585";206
9,85359105050992;"CNRM 585";207
19,9523879209649;"CNRM 585";208
24,3112516061172;"CNRM 585";209
24,2007730335557;"CNRM 585";210
8,08792021794675;"CNRM 585";211
23,2458818304321;"CNRM 585";212
7,3093405027457;"CNRM 585";213
19,3169226302692;"CNRM 585";214
7,83890966099207;"CNRM 585";215
31,8422359195811;"CNRM 585";216
23,3357068288017;"CNRM 585";217
5,02318663828222;"CNRM 585";218
12,9974600281201;"CNRM 585";219
18,9607186078547;"CNRM 585";220
13,3535779806715;"CNRM 585";222
27,2903084247574;"CNRM 585";223
5,45589852553231;"CNRM 585";224
14,2919097732102;"CNRM 585";225
23,4100865874614;"CNRM 585";227
15,1214373065695;"CNRM 585";229
14,932241753456;"CNRM 585";230
34,3835995204129;"CNRM 585";231
38,2194679580189;"CNRM 585";232
32,6344303664692;"CNRM 585";233
28,671871320099;"CNRM 585";234
21,6144871202942;"CNRM 585";235
9,63966050689992;"CNRM 585";236
5,95445845891284;"CNRM 585";237
15,0275682070441;"CNRM 585";238
26,770527617067;"CNRM 585";239
22,9696583078896;"CNRM 585";240
7,65095307777194;"CNRM 585";241
13,2703898069012;"CNRM 585";242
33,3677466988771;"CNRM 585";243
28,5562941461076;"CNRM 585";244
5,50568561515413;"CNRM 585";245
24,269230496863;"CNRM 585";246
21,9807689927485;"CNRM 585";247
7,60931556364835;"CNRM 585";248
28,6297131181217;"CNRM 585";249
21,582049988688;"CNRM 585";250
14,2279413544549;"CNRM 585";251
11,1329873255878;"CNRM 585";252
5,05822319774438;"CNRM 585";253
5,47901760164488;"IPSL 126";0
3,54620080781323;"IPSL 126";1
16,3264275461623;"IPSL 126";2
17,8303588523419;"IPSL 126";3
10,5288069151012;"IPSL 126";4
11,7732449652839;"IPSL 126";5
12,2216505833869;"IPSL 126";6
3,83778518304293;"IPSL 126";7
2,61939592814943;"IPSL 126";8
5,9671490828215;"IPSL 126";9
8,82761534245217;"IPSL 126";10
4,1659314795664;"IPSL 126";11
2,90921718839812;"IPSL 126";12
8,89810840072475;"IPSL 126";13
5,92956511882198;"IPSL 126";14
3,55031980302145;"IPSL 126";15
12,0562416852034;"IPSL 126";16
4,194843226023;"IPSL 126";17
3,08506035138919;"IPSL 126";18
12,1963393707185;"IPSL 126";19
7,5566157493041;"IPSL 126";20
3,84639897287965;"IPSL 126";21
4,35035672600671;"IPSL 126";22
7,30992882229227;"IPSL 126";23
3,02836986988007;"IPSL 126";24
4,05309201985049;"IPSL 126";25
4,80979586743127;"IPSL 126";26
5,31191569094987;"IPSL 126";27
3,3087538628794;"IPSL 126";28
2,18699917779252;"IPSL 126";29
9,84228563799836;"IPSL 126";30
5,40634621198645;"IPSL 126";31
3,26915977138434;"IPSL 126";32
9,84287979696906;"IPSL 126";33
19,6391659496979;"IPSL 126";34
11,8456332496985;"IPSL 126";35
3,38256100373306;"IPSL 126";36
3,43319206196017;"IPSL 126";37
11,1742589739934;"IPSL 126";38
10,5205171978132;"IPSL 126";39
7,90148828613356;"IPSL 126";40
18,6183275673562;"IPSL 126";41
4,96580120435091;"IPSL 126";42
19,4009274323691;"IPSL 126";43
19,7257297753778;"IPSL 126";44
3,60587093586001;"IPSL 126";45
12,5774607704317;"IPSL 126";46
28,0018388084123;"IPSL 126";47
14,475245379737;"IPSL 126";48
2,16300311329181;"IPSL 126";49
9,33756219300706;"IPSL 126";50
4,5522700260869;"IPSL 126";51
8,28425290891449;"IPSL 126";52
14,2949173307536;"IPSL 126";53
3,41011143847022;"IPSL 126";54
11,247531591482;"IPSL 126";55
9,8699604513977;"IPSL 126";56
3,2419321357306;"IPSL 126";57
3,32154613005556;"IPSL 126";58
5,47676110566497;"IPSL 126";59
3,33340707642545;"IPSL 126";60
19,6201240565197;"IPSL 126";61
13,3806858908784;"IPSL 126";62
3,86364381690899;"IPSL 126";63
3,86899953376928;"IPSL 126";64
6,77877191856569;"IPSL 126";65
14,9984570174075;"IPSL 126";66
8,88081696991036;"IPSL 126";67
8,07288844649412;"IPSL 126";68
7,39934834923571;"IPSL 126";69
3,3380693108937;"IPSL 126";70
10,1363229165259;"IPSL 126";71
15,1216133331875;"IPSL 126";72
17,833439474664;"IPSL 126";73
6,03460761838781;"IPSL 126";74
10,5611324217007;"IPSL 126";75
2,8889678405278;"IPSL 126";76
2,41169047369211;"IPSL 126";77
2,75045186333509;"IPSL 126";78
4,97177026741463;"IPSL 126";79
5,73179976414799;"IPSL 126";80
3,17326118225076;"IPSL 126";81
9,07144118103366;"IPSL 126";82
2,84823589086225;"IPSL 126";83
18,3961705022808;"IPSL 126";84
3,7492673894024;"IPSL 126";85
11,5144812906544;"IPSL 126";86
2,66432306650736;"IPSL 126";87
2,05133902049097;"IPSL 126";88
10,9436786039102;"IPSL 126";89
22,6802036815132;"IPSL 126";90
24,0289334175691;"IPSL 126";91
17,5686039796384;"IPSL 126";92
14,7341475457524;"IPSL 126";93
4,36111282661288;"IPSL 126";94
15,1012845894501;"IPSL 126";95
4,28761156178299;"IPSL 126";96
4,82618155741327;"IPSL 126";97
5,5591559633538;"IPSL 126";98
12,1711572450276;"IPSL 126";99
19,9810778327462;"IPSL 126";100
10,1649812681515;"IPSL 126";102
2,73246552172807;"IPSL 126";103
5,76451584811132;"IPSL 126";104
37,363528043919;"IPSL 126";105
3,52045853724989;"IPSL 126";107
6,5282775208052;"IPSL 126";108
5,94211256287484;"IPSL 126";109
4,65293859957172;"IPSL 126";110
5,52002266560062;"IPSL 126";111
36,9285485180995;"IPSL 126";112
2,36956552367524;"IPSL 126";113
2,85910918507787;"IPSL 126";114
11,3626974399382;"IPSL 126";115
4,07306737631048;"IPSL 126";116
13,0860543876055;"IPSL 126";117
10,1907487333133;"IPSL 126";118
5,61404938746577;"IPSL 126";119
4,91937664642918;"IPSL 126";120
12,9764661413086;"IPSL 126";121
6,12999248268574;"IPSL 126";122
23,0419692719656;"IPSL 126";123
4,59982939843699;"IPSL 126";124
5,76951309757243;"IPSL 126";125
15,5905771939677;"IPSL 126";126
7,2391506991556;"IPSL 126";127
21,9293295076036;"IPSL 126";128
2,73663738578841;"IPSL 126";129
3,50870534414607;"IPSL 126";130
6,45317259356918;"IPSL 126";131
23,1890426758956;"IPSL 126";132
2,89323598027539;"IPSL 126";133
5,32270469449425;"IPSL 126";134
4,27467387400425;"IPSL 126";135
7,04056885117408;"IPSL 126";136
11,2680789700781;"IPSL 126";137
6,38280769133596;"IPSL 126";138
6,4732131358964;"IPSL 126";139
11,1948980886105;"IPSL 126";140
10,7338425590355;"IPSL 126";141
6,32018834291589;"IPSL 126";142
24,5365207801693;"IPSL 126";143
3,81341844929214;"IPSL 126";144
6,54025062546983;"IPSL 126";145
11,590644200826;"IPSL 126";146
12,2143708457118;"IPSL 126";147
3,29353752766267;"IPSL 126";148
11,6596236130481;"IPSL 126";149
3,1654541609423;"IPSL 126";150
21,25217848155;"IPSL 126";151
18,4270300873266;"IPSL 126";152
16,7282213869657;"IPSL 126";153
13,2169931438272;"IPSL 126";154
18,7795477534205;"IPSL 126";155
15,3032669778127;"IPSL 126";156
30,4807616054803;"IPSL 126";157
20,5987392905278;"IPSL 126";158
16,2475870363122;"IPSL 126";159
21,0063882494749;"IPSL 126";160
6,95034772000517;"IPSL 126";161
9,13971976106679;"IPSL 126";162
8,93992223641404;"IPSL 126";163
5,57837432978872;"IPSL 126";164
9,26560421676749;"IPSL 126";165
13,5877277149298;"IPSL 126";166
8,76745240279535;"IPSL 126";167
3,55230608038851;"IPSL 126";168
18,7265759308363;"IPSL 126";169
5,56480481033327;"IPSL 126";170
9,51801408516573;"IPSL 126";171
15,4285131406117;"IPSL 126";172
17,8592672365073;"IPSL 126";173
20,3048469115173;"IPSL 126";174
9,47493628639159;"IPSL 126";175
6,92883967723192;"IPSL 126";176
30,8325108097373;"IPSL 126";177
18,2727092591904;"IPSL 126";179
9,92226207794434;"IPSL 126";180
12,8467593295999;"IPSL 126";181
12,890820739717;"IPSL 126";182
23,9132693207105;"IPSL 126";183
13,8508210774863;"IPSL 126";184
8,76249539662092;"IPSL 126";185
18,3638433037987;"IPSL 126";186
27,793957537838;"IPSL 126";187
20,0498507444551;"IPSL 126";188
9,73690770759972;"IPSL 126";189
30,0257484362818;"IPSL 126";190
10,049259379158;"IPSL 126";191
33,0765548003962;"IPSL 126";192
4,3723476986015;"IPSL 126";193
4,5212387176361;"IPSL 126";194
19,5966968236159;"IPSL 126";195
4,50863740645808;"IPSL 126";197
9,07509849986972;"IPSL 126";198
14,3782162613154;"IPSL 126";199
16,7948505168336;"IPSL 126";200
20,357456744243;"IPSL 126";201
14,9906121828845;"IPSL 126";202
10,0501773730978;"IPSL 126";203
5,10118716562143;"IPSL 126";204
17,4104359537015;"IPSL 126";205
9,11292478564233;"IPSL 126";206
9,84248762629534;"IPSL 126";207
19,964970479733;"IPSL 126";208
23,3904208229244;"IPSL 126";209
23,9853707911364;"IPSL 126";210
8,0825996942967;"IPSL 126";211
24,6626264759747;"IPSL 126";212
7,26085077293141;"IPSL 126";213
19,1523226326712;"IPSL 126";214
7,61418689674409;"IPSL 126";215
31,6572632736532;"IPSL 126";216
23,2638653902533;"IPSL 126";217
5,02741186648956;"IPSL 126";218
13,6294001243981;"IPSL 126";219
19,1508364005963;"IPSL 126";220
14,2621787756111;"IPSL 126";222
28,2475463263904;"IPSL 126";223
5,45589852553231;"IPSL 126";224
12,2262248947662;"IPSL 126";225
22,1164530365029;"IPSL 126";227
16,660104894105;"IPSL 126";229
13,0934323661105;"IPSL 126";230
35,9197114074399;"IPSL 126";231
37,9391280627716;"IPSL 126";232
35,5611809309626;"IPSL 126";233
28,6652861105752;"IPSL 126";234
21,596212975566;"IPSL 126";235
9,61155742336325;"IPSL 126";236
6,23492958668309;"IPSL 126";237
15,2569487483252;"IPSL 126";238
26,6677226973387;"IPSL 126";239
22,9952788560557;"IPSL 126";240
7,75014191423078;"IPSL 126";241
13,4238033444799;"IPSL 126";242
33,080744041367;"IPSL 126";243
28,7920832843459;"IPSL 126";244
5,35953733048862;"IPSL 126";245
24,1549418872006;"IPSL 126";246
21,3757624634759;"IPSL 126";247
7,28447380826637;"IPSL 126";248
28,494932002587;"IPSL 126";249
21,5283479350165;"IPSL 126";250
14,2314477672888;"IPSL 126";251
11,0775020575388;"IPSL 126";252
5,33487895199054;"IPSL 126";253
5,47682468597129;"IPSL 370";0
4,038300471756;"IPSL 370";1
16,3414918274898;"IPSL 370";2
18,3398500114595;"IPSL 370";3
10,6786410566834;"IPSL 370";4
11,8903768904897;"IPSL 370";5
12,0279060240718;"IPSL 370";6
3,83603327433653;"IPSL 370";7
2,61694342114054;"IPSL 370";8
5,9325360340927;"IPSL 370";9
8,81793637177525;"IPSL 370";10
4,16955349266693;"IPSL 370";11
2,54680285315782;"IPSL 370";12
8,83779735592903;"IPSL 370";13
6,03349163436627;"IPSL 370";14
3,36705171677731;"IPSL 370";15
12,0582997643392;"IPSL 370";16
4,19377854587316;"IPSL 370";17
3,10960129583453;"IPSL 370";18
12,2142805484826;"IPSL 370";19
6,89869023523886;"IPSL 370";20
3,73119369100087;"IPSL 370";21
4,34474291525945;"IPSL 370";22
7,30601248223192;"IPSL 370";23
2,98366510116641;"IPSL 370";24
4,08566086035333;"IPSL 370";25
4,98099392304148;"IPSL 370";26
5,32582583752085;"IPSL 370";27
3,290647467676;"IPSL 370";28
2,21542070043137;"IPSL 370";29
9,82973933601488;"IPSL 370";30
5,40540019504129;"IPSL 370";31
3,26434175014173;"IPSL 370";32
9,84160343251397;"IPSL 370";33
19,5836017549271;"IPSL 370";34
11,9053945979811;"IPSL 370";35
3,37497747206903;"IPSL 370";36
3,44070489373898;"IPSL 370";37
11,172729786013;"IPSL 370";38
10,6299988818104;"IPSL 370";39
7,85498785205448;"IPSL 370";40
18,837122178337;"IPSL 370";41
4,85281763700759;"IPSL 370";42
19,7674348979463;"IPSL 370";43
19,9920253797506;"IPSL 370";44
3,61303960191025;"IPSL 370";45
12,516158857528;"IPSL 370";46
28,1149953802934;"IPSL 370";47
15,3405728951134;"IPSL 370";48
2,16208770175884;"IPSL 370";49
9,46068904491412;"IPSL 370";50
4,5790597377307;"IPSL 370";51
7,89876526259975;"IPSL 370";52
14,4530722586605;"IPSL 370";53
3,3751119280519;"IPSL 370";54
11,2508932571122;"IPSL 370";55
9,82250476827498;"IPSL 370";56
3,31564329449364;"IPSL 370";57
3,31134412032673;"IPSL 370";58
5,42601325006388;"IPSL 370";59
3,33821900010526;"IPSL 370";60
19,4605174720537;"IPSL 370";61
13,7164019898544;"IPSL 370";62
3,40240790555417;"IPSL 370";63
3,77242079178267;"IPSL 370";64
6,94474183746399;"IPSL 370";65
15,1036106911624;"IPSL 370";66
5,94266454437352;"IPSL 370";67
8,03710364240581;"IPSL 370";68
7,54302093788317;"IPSL 370";69
3,38109372691973;"IPSL 370";70
10,5048546113617;"IPSL 370";71
15,2524471992782;"IPSL 370";72
17,7951628735859;"IPSL 370";73
5,90597924604806;"IPSL 370";74
10,5965286370812;"IPSL 370";75
2,85040126026951;"IPSL 370";76
2,4133731140903;"IPSL 370";77
2,54702494105802;"IPSL 370";78
5,03202897069532;"IPSL 370";79
5,70564907606818;"IPSL 370";80
3,24405575864913;"IPSL 370";81
9,27061465167732;"IPSL 370";82
2,80390979388538;"IPSL 370";83
18,3687816335885;"IPSL 370";84
3,8324533576018;"IPSL 370";85
11,536320493444;"IPSL 370";86
2,67589928754132;"IPSL 370";87
2,051402204909;"IPSL 370";88
10,8681004698112;"IPSL 370";89
17,4420229818382;"IPSL 370";90
21,1265126996997;"IPSL 370";91
17,5685756615461;"IPSL 370";92
14,8303056399638;"IPSL 370";93
4,82505343133383;"IPSL 370";94
14,6041583428863;"IPSL 370";95
4,33676548256102;"IPSL 370";96
4,79174089576435;"IPSL 370";97
5,55905017724411;"IPSL 370";98
12,1853837797933;"IPSL 370";99
20,0038744840258;"IPSL 370";100
10,2586169546845;"IPSL 370";102
2,7586009052002;"IPSL 370";103
5,66699189572042;"IPSL 370";104
37,4022587634913;"IPSL 370";105
3,45255232623688;"IPSL 370";107
6,15455256699785;"IPSL 370";108
6,20810830780419;"IPSL 370";109
4,66151752662982;"IPSL 370";110
5,50357380839129;"IPSL 370";111
36,9618982360061;"IPSL 370";112
2,35941812117265;"IPSL 370";113
2,85860401913667;"IPSL 370";114
11,3276656822374;"IPSL 370";115
4,3449541078065;"IPSL 370";116
12,6878189038809;"IPSL 370";117
10,232046844611;"IPSL 370";118
6,25245797285154;"IPSL 370";119
4,24086529587703;"IPSL 370";120
12,7496791482619;"IPSL 370";121
6,15686249506062;"IPSL 370";122
22,8425970125378;"IPSL 370";123
4,92070093954727;"IPSL 370";124
5,5060211789892;"IPSL 370";125
15,1107768765489;"IPSL 370";126
7,34287085670103;"IPSL 370";127
21,8744377670114;"IPSL 370";128
2,7347710767256;"IPSL 370";129
3,64947808890617;"IPSL 370";130
6,40694667917677;"IPSL 370";131
23,5893592906774;"IPSL 370";132
2,8532282602049;"IPSL 370";133
5,6413811097525;"IPSL 370";134
4,29572210754998;"IPSL 370";135
6,90708438654447;"IPSL 370";136
11,2646075795273;"IPSL 370";137
6,38251371732684;"IPSL 370";138
6,65304063067324;"IPSL 370";139
11,435239928429;"IPSL 370";140
10,7167187470647;"IPSL 370";141
6,3599341883097;"IPSL 370";142
24,5286814797311;"IPSL 370";143
3,78234759288664;"IPSL 370";144
6,4288923992108;"IPSL 370";145
10,9836330003398;"IPSL 370";146
12,2744604702424;"IPSL 370";147
3,33285458187693;"IPSL 370";148
11,7067353644771;"IPSL 370";149
3,18591169598434;"IPSL 370";150
21,3187484920072;"IPSL 370";151
18,4669576608159;"IPSL 370";152
16,7271386292405;"IPSL 370";153
13,099701387372;"IPSL 370";154
18,7194520616243;"IPSL 370";155
15,5206930846439;"IPSL 370";156
29,6846877093098;"IPSL 370";157
20,8147418572629;"IPSL 370";158
15,9566104447606;"IPSL 370";159
20,9375862500187;"IPSL 370";160
6,75522797039278;"IPSL 370";161
9,32291809157962;"IPSL 370";162
8,95297382755959;"IPSL 370";163
5,62221646373476;"IPSL 370";164
9,28764648812011;"IPSL 370";165
13,3333683347046;"IPSL 370";166
8,76187521881821;"IPSL 370";167
3,58002411665156;"IPSL 370";168
18,7046897651162;"IPSL 370";169
5,63563640011854;"IPSL 370";170
9,42940879196921;"IPSL 370";171
15,4333351502053;"IPSL 370";172
17,8500135787032;"IPSL 370";173
17,2997425348069;"IPSL 370";174
7,89912635734084;"IPSL 370";175
6,82823208731944;"IPSL 370";176
30,7735785698051;"IPSL 370";177
18,2724847367034;"IPSL 370";179
10,3749310301957;"IPSL 370";180
11,8216123288357;"IPSL 370";181
12,9219621403609;"IPSL 370";182
22,6474914397653;"IPSL 370";183
13,9538223962273;"IPSL 370";184
8,26904180770741;"IPSL 370";185
18,4162052712116;"IPSL 370";186
27,7523151886752;"IPSL 370";187
20,2222190553654;"IPSL 370";188
9,74498999896861;"IPSL 370";189
30,3960025677593;"IPSL 370";190
9,99451388156482;"IPSL 370";191
34,295717011375;"IPSL 370";192
4,32354705203;"IPSL 370";193
4,41233831626311;"IPSL 370";194
19,6179805171382;"IPSL 370";195
4,50891484532037;"IPSL 370";197
9,17694109215408;"IPSL 370";198
14,3463426430749;"IPSL 370";199
16,7025224006943;"IPSL 370";200
21,6100335843835;"IPSL 370";201
15,0313910430028;"IPSL 370";202
9,90021283429222;"IPSL 370";203
5,15348154208417;"IPSL 370";204
17,2636799706616;"IPSL 370";205
9,05330086564537;"IPSL 370";206
9,78670902790229;"IPSL 370";207
20,1060917524219;"IPSL 370";208
23,3746024694395;"IPSL 370";209
24,2437962454138;"IPSL 370";210
8,08118592796205;"IPSL 370";211
23,1867896903181;"IPSL 370";212
7,25758322062374;"IPSL 370";213
19,0642944012187;"IPSL 370";214
7,69944353122481;"IPSL 370";215
31,6572632736532;"IPSL 370";216
23,2936973164711;"IPSL 370";217
4,98088139690082;"IPSL 370";218
13,6518730548239;"IPSL 370";219
19,0941833186285;"IPSL 370";220
13,3959325415463;"IPSL 370";222
28,4522533927559;"IPSL 370";223
5,45589852553231;"IPSL 370";224
12,1679477840562;"IPSL 370";225
21,9971065981696;"IPSL 370";227
16,6703214035013;"IPSL 370";229
13,1434132604829;"IPSL 370";230
35,9195174472104;"IPSL 370";231
37,9238328833364;"IPSL 370";232
35,5620058128099;"IPSL 370";233
28,4659910517188;"IPSL 370";234
21,357622145636;"IPSL 370";235
10,8454844048293;"IPSL 370";236
5,8951719095947;"IPSL 370";237
15,1073290443214;"IPSL 370";238
26,9199188051062;"IPSL 370";239
23,0472668401891;"IPSL 370";240
7,73542462958409;"IPSL 370";241
13,4036912862812;"IPSL 370";242
33,4870025906966;"IPSL 370";243
28,5901775473061;"IPSL 370";244
5,33672893368817;"IPSL 370";245
23,9729584808533;"IPSL 370";246
21,2392888185057;"IPSL 370";247
7,43463485383525;"IPSL 370";248
28,6021808181688;"IPSL 370";249
20,9935969885139;"IPSL 370";250
15,5594886272901;"IPSL 370";251
11,0764772373669;"IPSL 370";252
5,32709648831467;"IPSL 370";253
5,76917633960366;"IPSL 585";0
3,59002892518706;"IPSL 585";1
16,3549826350392;"IPSL 585";2
17,2306123464755;"IPSL 585";3
10,4971782229027;"IPSL 585";4
10,6328655399571;"IPSL 585";5
11,968595854429;"IPSL 585";6
4,34642056050609;"IPSL 585";7
2,48433871351826;"IPSL 585";8
6,75770508575398;"IPSL 585";9
8,62143072236208;"IPSL 585";10
4,33094927411431;"IPSL 585";11
4,61664963860701;"IPSL 585";12
9,18531440319316;"IPSL 585";13
6,09284878471987;"IPSL 585";14
6,4590101565665;"IPSL 585";15
11,0516988755884;"IPSL 585";16
4,59541999119218;"IPSL 585";17
3,51136138207158;"IPSL 585";18
13,322911834033;"IPSL 585";19
6,82245297942129;"IPSL 585";20
3,62779943208704;"IPSL 585";21
4,44797199760898;"IPSL 585";22
7,26887499045893;"IPSL 585";23
3,07087369603572;"IPSL 585";24
4,08280812637799;"IPSL 585";25
4,85317203018863;"IPSL 585";26
4,65093820739961;"IPSL 585";27
3,25467409337939;"IPSL 585";28
2,50793557516479;"IPSL 585";29
9,8249107375073;"IPSL 585";30
5,36386747125578;"IPSL 585";31
3,2737434977919;"IPSL 585";32
9,72840251131001;"IPSL 585";33
19,8632325780403;"IPSL 585";34
11,6408015960327;"IPSL 585";35
3,56008165123744;"IPSL 585";36
4,8412126704941;"IPSL 585";37
14,4056811575699;"IPSL 585";38
10,5208515436523;"IPSL 585";39
7,91317124891993;"IPSL 585";40
17,944870735773;"IPSL 585";41
5,41191890084705;"IPSL 585";42
17,05356729863;"IPSL 585";43
20,0348289815813;"IPSL 585";44
3,64587892283025;"IPSL 585";45
12,3982432249925;"IPSL 585";46
27,7896019343596;"IPSL 585";47
12,9447638305323;"IPSL 585";48
2,17111670442942;"IPSL 585";49
9,43594690166116;"IPSL 585";50
5,00115001848552;"IPSL 585";51
8,11680065347572;"IPSL 585";52
14,2863013026488;"IPSL 585";53
3,40763786022744;"IPSL 585";54
11,1782711673652;"IPSL 585";55
9,90253636170735;"IPSL 585";56
3,29595022327566;"IPSL 585";57
3,30185116847982;"IPSL 585";58
5,49192525150819;"IPSL 585";59
3,32147402561129;"IPSL 585";60
17,2697797917608;"IPSL 585";61
12,6498061688996;"IPSL 585";62
4,73344075846689;"IPSL 585";63
3,95175494049542;"IPSL 585";64
7,2105337149043;"IPSL 585";65
14,7923344706019;"IPSL 585";66
6,60045992547552;"IPSL 585";67
8,3824538223554;"IPSL 585";68
6,90773054467935;"IPSL 585";69
3,94336976855537;"IPSL 585";70
19,0124966612897;"IPSL 585";71
16,1073947804962;"IPSL 585";72
28,1472646443207;"IPSL 585";73
5,22180226750783;"IPSL 585";74
10,8624493717485;"IPSL 585";75
3,11465960451955;"IPSL 585";76
2,61490586187783;"IPSL 585";77
2,83672946264543;"IPSL 585";78
5,05074782042513;"IPSL 585";79
5,73120135754233;"IPSL 585";80
3,44133439756101;"IPSL 585";81
10,358034275658;"IPSL 585";82
2,81250299551315;"IPSL 585";83
17,1444064147092;"IPSL 585";84
3,70442304150802;"IPSL 585";85
10,8959149646656;"IPSL 585";86
2,55736726893341;"IPSL 585";87
2,05496013411532;"IPSL 585";88
11,4788639484565;"IPSL 585";89
17,4327060176949;"IPSL 585";90
21,1265126996997;"IPSL 585";91
17,5686039796384;"IPSL 585";92
15,2272542960752;"IPSL 585";93
4,65715125609851;"IPSL 585";94
16,0919229527184;"IPSL 585";95
4,26909860099742;"IPSL 585";96
4,88637163239312;"IPSL 585";97
5,31069648989004;"IPSL 585";98
12,1088153104765;"IPSL 585";99
20,0227084100146;"IPSL 585";100
10,3445532872906;"IPSL 585";102
2,76447376899778;"IPSL 585";103
5,78691797945835;"IPSL 585";104
37,1197777991639;"IPSL 585";105
3,6166407917298;"IPSL 585";107
6,25261425215122;"IPSL 585";108
6,09006918734349;"IPSL 585";109
5,19779888654555;"IPSL 585";110
5,51375756229984;"IPSL 585";111
37,894721296797;"IPSL 585";112
2,41531347637228;"IPSL 585";113
4,40012291305939;"IPSL 585";114
12,9202203714779;"IPSL 585";115
3,30610670318254;"IPSL 585";116
17,4928260564571;"IPSL 585";117
11,2339591641153;"IPSL 585";118
5,08449794598952;"IPSL 585";119
8,5954755998761;"IPSL 585";120
13,3693512759379;"IPSL 585";121
8,58536626616411;"IPSL 585";122
22,1423999307884;"IPSL 585";123
5,5208316954983;"IPSL 585";124
4,92962089445708;"IPSL 585";125
15,7131487877194;"IPSL 585";126
8,06618260712323;"IPSL 585";127
21,9529084564084;"IPSL 585";128
2,75882394913053;"IPSL 585";129
3,53275091132062;"IPSL 585";130
6,56047516128121;"IPSL 585";131
24,3145183842981;"IPSL 585";132
3,27714531913192;"IPSL 585";133
4,64099962110251;"IPSL 585";134
4,29019180778454;"IPSL 585";135
5,93377431259324;"IPSL 585";136
11,2680789700781;"IPSL 585";137
6,38243518810554;"IPSL 585";138
6,50139704924685;"IPSL 585";139
11,4505727201726;"IPSL 585";140
10,7272005956254;"IPSL 585";141
7,72139732449832;"IPSL 585";142
24,5290645190053;"IPSL 585";143
4,15156286701805;"IPSL 585";144
6,3887572690942;"IPSL 585";145
11,0975120433089;"IPSL 585";146
12,3378141067576;"IPSL 585";147
3,63774460586926;"IPSL 585";148
12,0221132159317;"IPSL 585";149
3,94432681260748;"IPSL 585";150
21,4016288075833;"IPSL 585";151
18,4602147082383;"IPSL 585";152
16,794666221372;"IPSL 585";153
13,4851991017149;"IPSL 585";154
18,963994720245;"IPSL 585";155
11,0753476820761;"IPSL 585";156
21,5626787508197;"IPSL 585";157
20,5158296630213;"IPSL 585";158
16,8489710108856;"IPSL 585";159
21,3649178481509;"IPSL 585";160
7,53237494413808;"IPSL 585";161
10,7107676226808;"IPSL 585";162
7,49187539298593;"IPSL 585";163
5,49451991643983;"IPSL 585";164
9,40242993274986;"IPSL 585";165
13,8882476390944;"IPSL 585";166
8,58278434402369;"IPSL 585";167
4,11677813291342;"IPSL 585";168
18,0809929329213;"IPSL 585";169
5,66434747714804;"IPSL 585";170
9,58777473655979;"IPSL 585";171
18,6170528543837;"IPSL 585";172
17,8387090035264;"IPSL 585";173
17,556913580724;"IPSL 585";174
8,7542617768956;"IPSL 585";175
6,06589329457193;"IPSL 585";176
30,1425629371024;"IPSL 585";177
18,3970092218241;"IPSL 585";179
10,7953214806691;"IPSL 585";180
13,7356562914754;"IPSL 585";181
13,016858489873;"IPSL 585";182
22,8003669332894;"IPSL 585";183
13,9301440236652;"IPSL 585";184
8,82965918245599;"IPSL 585";185
18,3543741745398;"IPSL 585";186
28,2076994545304;"IPSL 585";187
20,2207459608048;"IPSL 585";188
9,73695779920872;"IPSL 585";189
30,176723886867;"IPSL 585";190
10,0399896466289;"IPSL 585";191
33,021794328322;"IPSL 585";192
4,35048499901694;"IPSL 585";193
4,58914362934651;"IPSL 585";194
19,6289240160151;"IPSL 585";195
4,5119786545351;"IPSL 585";197
9,10538172442829;"IPSL 585";198
14,4030447006848;"IPSL 585";199
16,7885874608622;"IPSL 585";200
20,553538089041;"IPSL 585";201
15,0551788712071;"IPSL 585";202
9,88440440486375;"IPSL 585";203
5,0315994143383;"IPSL 585";204
17,3560614709244;"IPSL 585";205
9,1829088216734;"IPSL 585";206
9,66570489081615;"IPSL 585";207
20,258367165045;"IPSL 585";208
23,4562397547161;"IPSL 585";209
24,4523052548265;"IPSL 585";210
8,0227485299221;"IPSL 585";211
24,4455834777304;"IPSL 585";212
7,26307919545421;"IPSL 585";213
19,1552937054146;"IPSL 585";214
7,69944353122481;"IPSL 585";215
31,6822537618704;"IPSL 585";216
23,2638653902533;"IPSL 585";217
5,1017163863085;"IPSL 585";218
13,7490299918381;"IPSL 585";219
18,9564989115246;"IPSL 585";220
13,3515204662484;"IPSL 585";222
28,6420876269307;"IPSL 585";223
5,45589852553231;"IPSL 585";224
12,169975703949;"IPSL 585";225
21,9983367994113;"IPSL 585";227
16,727388734207;"IPSL 585";229
13,1748377515994;"IPSL 585";230
35,9195174472104;"IPSL 585";231
37,9378971938004;"IPSL 585";232
34,5729122799479;"IPSL 585";233
28,6776535598669;"IPSL 585";234
21,3949432041734;"IPSL 585";235
9,17914366194282;"IPSL 585";236
5,8742066266295;"IPSL 585";237
15,2016813646847;"IPSL 585";238
26,5501452723216;"IPSL 585";239
22,8978601930133;"IPSL 585";240
7,74837226040906;"IPSL 585";241
13,5099833321942;"IPSL 585";242
34,9233071391443;"IPSL 585";243
28,7580765433205;"IPSL 585";244
5,31856399728828;"IPSL 585";245
24,4995085182656;"IPSL 585";246
22,2033002557656;"IPSL 585";247
7,24465878940819;"IPSL 585";248
28,4536768488893;"IPSL 585";249
21,1984561371234;"IPSL 585";250
14,2349951588706;"IPSL 585";251
11,0545983843106;"IPSL 585";252
5,29477944453366;"IPSL 585";253
