"DECLATITUDE";"DECLONGITUDE";"ROYA_CAMPO_AVERAGE_DSR";"test_index";"RMSE";"media";"mediana";"model";"cumRMSE"
43,91666667;5,13333333;0;239;43,4705642829015;43,2831051734643;42,5370089432624;"RF";0,175994187380168
43,35694444;16,95027778;0;240;33,1969600871871;32,6146916422469;32,3420598443123;"RF";0,310394835506431
36,33305556;33,41333333;0;249;38,6472167343796;38,1736656963236;37,4601475400982;"RF";0,46686130001809
25,18333333;85,51666667;0,454545454545455;227;35,2198896083388;34,960449629364;35,7090909090909;"RF";0,609451946205696
32,33333333;74,35;0,909090909090909;217;39,2593217027712;39,6244755226933;40,4601237384779;"RF";0,768396568484122
37,079643;37,410987;0,909090909090909;243;48,5929348493962;49,069705888344;48,6724956892251;"RF";0,965129098238762
37,823196;32,989336;1,81818181818182;244;43,4278953222552;44,8405354380727;44,8894176795389;"RF";1,1409505367904
40,59194444;17,11527778;3,18181818181818;234;36,813886518282;39,2951805038236;39,8543935202742;"RF";1,2899946117632
41,54361111;22,54444444;3,63636363636364;210;37,0762356776744;40,2045712976583;39,9112997549519;"RF";1,44010082908172
30,06666667;73,06666667;3,63636363636364;216;48,8371541984427;52,1592998230749;52,493931523525;"RF";1,6378221011402
28,98333333;77,7;6,36363636363636;230;19,1109666558656;24,2683276193251;24,3878787878788;"RF";1,71519443577933
19,51666667;-98,86666667;7,27272727272727;223;38,9354450257166;45,8731403110892;46,5447606684746;"RF";1,87282781645025
36,3;30,15;9,09090909090909;238;22,2995012289158;29,9318073337743;29,0642212643238;"RF";1,96310919794383
38,38333333;37,6;9,54545454545454;250;29,9346990460504;38,5945883697498;37,6693208132188;"RF";2,08430231149059
41,81194444;21,99472222;10;208;29,9047581811006;39,0683859829599;39,4113998030554;"RF";2,20537420696064
11,5;39,6;13,6363636363636;209;36,173080991897;49,2759641033059;49,8091640332065;"RF";2,35182392757561
42,33333333;-5,36666667;13,6363636363636;233;49,3085801139602;62,8117614647745;61,8036343648681;"RF";2,55145380657949
-36,6;-72,11666667;15,1515151515152;195;29,5713980224851;44,3482136649501;44,6035264545579;"RF";2,67117606577984
35,28333333;47,18333333;16,3636363636364;219;18,9096877121986;34,452299144405;34,2762853492552;"RF";2,7477335059102
37,18277778;-3,0625;16,7398057320468;112;31,1321968508015;47,0081701171794;44,6472283612614;"RF";2,87377478870696
37,17722222;-2,947222222;16,8442826374179;105;36,8112660028315;53,1133109203405;51,6996525429834;"RF";3,02280825430547
43,13472222;-8,931666667;16,8547595857661;128;34,7808135133967;51,5079552683123;51,6929433510138;"RF";3,16362126448117
42;47;18,1818181818182;202;23,2075999485485;40,7907279075207;41,1537547479245;"RF";3,2575791590097
32,608304;51,749865;18,1818181818182;220;28,2611175438564;44,7564966980102;47,1894692903177;"RF";3,37199663894434
28;80;18,1818181818182;225;17,9285774916545;33,3333480696185;35,3281918072337;"RF";3,44458197291865
39,53333333;67,88333333;18,1818181818182;252;16,1816722753302;33,7690373847926;34,0686903024299;"RF";3,51009481613861
28,96027778;-13,55138889;20,6355990579496;143;39,0822727912788;59,2510795830026;58,1768232733822;"RF";3,66832264120452
40,10888889;-3,387222222;23,5294117647059;177;43,6645433039075;67,0451648157262;67,2872845806941;"RF";3,8451021687507
42,77416667;-5,943333333;23,9210374612756;100;26,766511666523;50,5063244580183;50,8623062595277;"RF";3,95346861274473
36,39;37,18;25,4545454545455;199;22,7829509003355;45,9375850259529;46,1346584391263;"RF";4,04570728035742
46,905304;-117,080171;25,4545454545455;222;20,2721521417616;45,1343303790321;44,9295832579844;"RF";4,1277807708099
38,2494;48,3014;27,2727272727273;203;14,1867262166233;40,2883330428144;40,4105919623937;"RF";4,18521690933874
44,08333333;7,6;27,2727272727273;241;11,7906653624855;34,8386245182624;31,4633643151981;"RF";4,23295239663625
40,322625;36,569123;27,2727272727273;248;11,1296010800533;35,0822547538164;34,2271671089365;"RF";4,27801151032067
37,56666667;41,06666667;27,2727272727273;251;20,4023987602921;45,4697702467356;46,4126432920156;"RF";4,36061231501821
39,46666667;67,73333333;27,7272727272727;253;8,24231810182162;33,4731381420526;33,1781488592628;"RF";4,39398202393247
34,6175;71,97138889;29,3939393939394;218;7,80577590870002;23,8934516317509;23,2522031796705;"RF";4,42558435554664
29,145027;71,27512;30,3030303030303;215;11,1552815708702;33,2343754340665;29,967820007112;"RF";4,47074743882952
42,40944444;-4,175555556;30,896591209889;47;29,0014301288016;59,7024893162456;59,9519733827528;"RF";4,58816213570725
39,63333333;22,41666667;35,1515151515151;191;14,3762838977264;47,514534267981;47,3581261115023;"RF";4,64636571424056
37,08333333;-5,5;35,2941176470588;181;15,9624054240785;50,2058449615382;50,3936221477223;"RF";4,71099083741497
42,40694444;-4,902222222;35,2983183730206;183;27,6281804743658;62,5861332758152;63,0942612060068;"RF";4,82284581909256
40,58805556;-1,789722222;35,3467440513165;72;17,5017271852106;52,3667800312517;51,8235355470031;"RF";4,89370301417439
39,77111111;3,024444444;35,6888626108857;6;20,1601800156216;54,2049008902283;56,4611510093056;"RF";4,97532317618095
-28,63333333;-53,1;36,3636363636364;224;9,10543246418955;42,9770778025988;44,1971567186534;"RF";5,01218727522625
32,994619;35,22434;36,3636363636364;236;15,6277381739821;50,2442672718995;51,1502495246651;"RF";5,07545747026262
37,62;35,86;36,3636363636364;237;9,56883948143438;29,378373850971;28,4463455568641;"RF";5,11419771107814
42,89305556;-5,763888889;37,8266125778946;56;15,1077739772901;52,7101930098807;52,632417198263;"RF";5,17536278790928
40,98944444;-6,865;38,0543664588735;141;16,2324756484961;53,3492178086919;53,9237384779311;"RF";5,24108131280197
28,05;79,11666667;38,1818181818182;229;24,146758414097;14,9774485834901;13,1012902990202;"RF";5,33884146832463
40,73611111;-1,617777778;38,8803309223134;73;15,7969642725676;53,5975996038742;53,1383333166844;"RF";5,4027967892662
-37,88333333;-71,18333333;39,3939393939394;197;7,36385508132671;38,0206456712176;35,8419710281731;"RF";5,43260996773311
40,19583333;-1,616111111;40,1604278074866;86;13,3691419972759;52,8959212675723;52,9484553361225;"RF";5,48673604869374
42,82777778;-4,951388889;40,9506833036245;50;12,4685981643704;53,0046603755542;53,2115610787612;"RF";5,53721620320536
42,80833333;-5,584722222;41,6515356472519;14;8,67042393311104;49,5572263119759;49,4175829800269;"RF";5,57231913410865
42,29777778;-5,897777778;42,5902082273629;68;16,7657036833681;58,88994173045;58,869750151674;"RF";5,64019647695629
40,68333333;-2,916666667;43,0168908272147;123;24,5721665242159;67,5448806188067;67,7283812084665;"RF";5,73967893251992
28,56666667;-13,83333333;43,2049691065022;137;17,3262484806965;56,5029327337399;52,4720956053727;"RF";5,8098256875025
41,37472222;-2,908333333;44,0765843839343;44;13,313395063462;56,8669308196942;56,7676022276278;"RF";5,86372607237481
48,33333333;-1,16666667;44,2424242424242;194;6,83337237344812;49,7340378783842;49,8531969207635;"RF";5,89139154757096
29,14527778;-13,49666667;44,405492258253;175;16,3183926773115;59,4769504859749;61,0547062923319;"RF";5,95745791468558
37,3225;-3,330555556;44,4982167262531;95;9,57748585883608;52,6672457411012;53,2917018877443;"RF";5,99623316107763
42,42555556;-0,661388889;44,622697563874;148;3,66659526728969;46,6845623181981;46,8811751715896;"RF";6,01107767632981
41,40805556;-4,403055556;45,2414048045388;126;21,8136179349655;66,6906461885494;66,8828721932114;"RF";6,0993919189815
41,66666667;26,56666667;45,4545454545455;184;20,2492434389878;27,2871882023637;27,124467668202;"RF";6,18137266164946
48,02863;0,332655;45,4545454545455;193;6,05270046482326;49,764476219718;49,9785215029782;"RF";6,20587752183093
37,21666667;30,3;45,4545454545455;204;8,16996721150286;43,705618978862;44,1876653126944;"RF";6,2389543121609
38,25194444;-3,203888889;45,9135040179455;140;15,0529998022896;60,6596891051539;61,1399577502872;"RF";6,29989763119851
42,98472222;-6,023611111;46,4229472598727;54;6,98336612425175;52,8631736477023;53,0194052588578;"RF";6,32817036854366
41,0775;-5,611944444;46,5409337600484;62;19,2435577021063;65,2909848508781;65,0668151019609;"RF";6,40607950903802
42,95277778;-5,544444444;46,6207976032949;57;5,1423190502923;50,4450569965658;50,6251547609703;"RF";6,42689861450479
42,33;-4,034166667;46,7245557113502;46;11,3547242603724;57,5972229666647;57,7847126000382;"RF";6,47286915806905
42,94305556;-5,722222222;46,7556438158039;107;5,63676656497452;51,4261219552893;51,3087069505335;"RF";6,49569007533615
41,94305556;-4,506388889;47,6471217958447;93;18,4149283599586;65,6766641059403;65,170983822958;"RF";6,57024444116595
40,51916667;-2,879722222;47,8441127311037;117;15,1668830202824;62,8988691546658;62,5176867858146;"RF";6,63164882586345
28,96666667;-13,71666667;48,3006588022828;104;12,1908865519986;59,3852655231097;59,2305781136758;"RF";6,68100464186344
33,367793;35,874029;48,4848484848485;186;25,6771254347548;23,5341763656966;22,7462077330915;"RF";6,7849606152835
31,75;-8,25;48,4848484848485;211;13,3656515946044;60,7664303995107;61,1032542398972;"RF";6,83907256505923
41,07472222;-5,566944444;48,7930982091734;65;12,3570872418735;60,4889098885057;60,3192378147268;"RF";6,88910125834616
39,82416667;-2,767222222;48,9543323291001;19;16,7717100687329;65,3280935479847;65,5146752272542;"RF";6,95700291854346
37,67083333;-4,236666667;49,4236482471777;131;11,8933135081595;60,0418407234363;61,7040704709904;"RF";7,00515398537812
40,32361111;-3,108333333;49,8314226298508;84;20,5336564755924;70,2611077297355;70,215695366841;"RF";7,08828619782991
37,30611111;29,77583333;50;206;14,1321529358767;37,3464027613635;38,2207203120909;"RF";7,14550139190228
41,06666667;-1,385833333;50,0297088532383;149;15,5199592535026;65,1073096726665;65,3346097942504;"RF";7,20833523503387
42,17277778;-0,005277778;50,1782531194296;150;3,29168931874315;49,7278537328737;49,5834639339338;"RF";7,22166191243769
41,98611111;-5,403055556;50,2898304828347;142;13,1736222655224;62,9433014257336;63,010280442711;"RF";7,27499641553697
40,75138889;-1,806111111;50,7531824019053;71;11,2569383526869;59,2806039398136;57,9908098887437;"RF";7,32057106473813
37,57305556;-3,503611111;50,9315900452846;136;5,25033398426007;47,4584323398884;47,4952190964887;"RF";7,34182747762987
40,86444444;-2,724722222;51,455733808675;38;15,3194278074108;66,6325039027289;66,7465437038967;"RF";7,40384945255866
33,544635;68,4106;51,5151515151515;189;14,2444597425372;39,6527556783046;38,6669655028496;"RF";7,46151933005881
39,28833333;-1,47;51,6176038396924;30;15,5525755367152;66,6984491544966;66,8441479761524;"RF";7,52448522292001
42,09972222;-5,033055556;51,8742832077368;145;10,0829310248889;61,7059903122402;61,3462332123945;"RF";7,56530680601673
38,07055556;-3,306111111;51,8895460382689;110;7,496756553662;58,7524372288527;58,4880033005049;"RF";7,59565804712467
42,35083333;-5,383888889;51,9288093250562;69;10,933098515111;60,3761404095203;61,0368501676857;"RF";7,63992160386601
39,81805556;-2,949166667;52,3661578407158;99;16,4223956567602;68,3156617303805;69,1951069616338;"RF";7,70640903567475
40,735;-2,833888889;52,4597436375508;115;13,348370859945;65,5895758447617;65,7406829795373;"RF";7,76045102296198
40,21138889;-3,190833333;53,42666061901;16;15,0206435809775;67,7266694035703;67,7522658117831;"RF";7,82126334515217
42,96944444;-6,125;53,5145625455983;103;2,76635189792689;52,9557138734449;53,3182452671711;"RF";7,83246315040694
42,275;-5,058333333;54,1550794713512;52;14,0116623939851;67,9790886142603;68,2135046576015;"RF";7,88919052852024
39,74194444;39,4925;54,5454545454545;185;13,6919639993914;43,3856098014781;43,6739326277747;"RF";7,94462358114935
40,91666667;32,08333333;54,5454545454545;205;23,9650086322578;31,5598537025396;31,4801460377602;"RF";8,04164790759574
39,4;30,63333333;54,5454545454545;207;14,1394643504159;41,6850278871218;42,6221762761353;"RF";8,0988927025367
31,13333333;35,64083333;54,5454545454545;213;11,6749347578389;45,9745542069278;46,4888891952481;"RF";8,14615964487612
49,98333333;16,95;54,5454545454545;242;20,8629984747382;34,5921979939472;35,3514228575577;"RF";8,23062522574551
37,901623;40,155321;54,5454545454545;245;7,23789860235795;51,5726897409778;52,863005222493;"RF";8,25992845895344
38,11027778;-3,085;54,5496552714164;11;5,07008199565678;58,9378278245986;58,8549157900613;"RF";8,28045510670913
43,00694444;-5,683333333;55,157053147149;108;7,61001986319393;48,2754716959558;48,5180715655652;"RF";8,31126490372611
41,01972222;-5,590277778;55,3475935828877;130;5,57964479623597;58,2094985100877;57,7842376894947;"RF";8,3338545587716
42,88611111;-5,454166667;55,9965616247945;58;4,7587418560216;52,1752228445132;52,1481318941186;"RF";8,35312072013201
42,33888889;-5,368055556;56,0864307820815;42;6,78097041366979;59,6749714992981;60,211302053736;"RF";8,38057404164485
36,94611111;-3,179444444;56,1174075711547;96;6,59023885324957;55,5631565509019;55,6779450126363;"RF";8,40725517060537
39,20833333;-2,158055556;56,8033273915627;97;9,20426150837542;65,7795766990509;65,3768042300804;"RF";8,44451938723847
40,00861111;-3,945555556;56,8760708628653;111;8,83418643359073;64,973270711944;65,1205265061483;"RF";8,48028532421657
40,03888889;-2,7375;56,9400720795457;18;3,59377843925093;58,554058385916;58,3599282336665;"RF";8,49483503449694
39,33333333;-2,266666667;56,9455471028643;35;23,3322176115484;79,513134945611;82,3030406360834;"RF";8,58929745397689
39,62722222;-1,943611111;57,397504456328;89;16,4590091294683;73,5581058870398;73,805463040631;"RF";8,65593311846867
42,60861111;-4,795555556;57,8847296494355;81;4,81042793850284;54,3838913076047;54,8692369945208;"RF";8,67540853522374
39,26666667;-1,911666667;57,9570061258915;31;8,12685403343705;65,6985638793599;65,4668990037845;"RF";8,70831077827409
42,13388889;-5,089166667;58,0952797231851;8;3,58085698239416;59,7331387638884;59,0753102253106;"RF";8,72280817496394
37,49194444;-2,773611111;58,2932333248104;0;8,29386989207505;66,3601536865439;66,2965029121379;"RF";8,75638659557963
28,52666667;-13,99055556;58,4429794975192;138;13,3468946495646;69,551350248263;72,3917737666686;"RF";8,81042260630662
42,97333333;-4,923888889;58,7203535002832;59;7,1754564074878;52,34585954854;52,2222553847562;"RF";8,83947303710616
40,74527778;-1,735277778;58,8512428558808;70;5,50437701613797;55,2166995625367;54,9593236399216;"RF";8,861757964297
14,56666667;-90,73333333;59,0909090909091;200;27,3501677109779;32,2654897551792;32,3205570699985;"RF";8,97248738822809
44,22361111;20,31166667;59,0909090909091;212;33,2177120978199;26,4542707490171;26,8394118649436;"RF";9,10697205259173
39,36666667;-1,7;59,2530124955911;22;7,87352011311429;66,3573661631511;66,2878449589517;"RF";9,13884865223997
40,95388889;-2,415277778;59,4473721106371;37;4,92529182260854;57,9928043539697;57,6516955692143;"RF";9,15878910496308
39,35722222;-1,715;59,6605115230562;23;13,7473868331887;72,864574431013;73,6414812290458;"RF";9,21444654153469
42,46388889;-6,205555556;59,9205633173515;102;16,4481818897083;44,2443703533987;42,8333612746111;"RF";9,28103837104768
40,14277778;-2,568888889;59,9241992051113;17;4,39252238190265;59,6855397723136;59,4601176730664;"RF";9,29882186247239
42,95;-5,983333333;59,9312868533099;55;14,970738632118;45,262174291965;45,3872643772553;"RF";9,35943214033522
38,96333333;-2,125;60,1148026131653;28;5,41792742599724;65,0127125634685;65,2476132347986;"RF";9,38136706918541
43,00277778;-5,256944444;60,1676702130699;60;4,34997260218753;56,8463522467637;57,2188342491041;"RF";9,39897829429548
39,92333333;-3,007777778;60,3022227530027;10;8,8110531979273;68,246948695759;68,1100309456908;"RF";9,43465057444903
40,82444444;-2,781111111;60,3172685717428;120;3,86585361624642;63,3774016414833;63,4936441423943;"RF";9,4503018036646
40,92638889;-2,921111111;60,4936091682754;13;10,4178623538468;69,9152754168546;69,8587460772089;"RF";9,49247938404455
37,34388889;-3,785555556;60,589910891313;134;12,3176718170358;48,9085008249687;49,1658868944997;"RF";9,54234850071271
41,065;-5,524166667;60,6049986915967;63;8,32629108182525;65,7814732183716;68,7916229375109;"RF";9,57605818120593
40,51166667;-2,89;60,6369285056393;15;5,83567129346191;57,0551088003878;55,3078980716047;"RF";9,5996843807746
40,62083333;-2,952777778;61,0088686942878;176;4,18836244165304;63,9617867587134;63,5797378461015;"RF";9,61664131373676
42,87638889;-4,1125;61,0130694202496;170;6,20315697391083;56,0736622428724;57,215541671455;"RF";9,64175530958255
39,96138889;-3,498333333;61,2032085561497;79;9,07027901372569;69,0608352465425;69,7186463266369;"RF";9,67847708696606
38,88527778;-2,149722222;61,5231084481054;29;4,63623934211696;65,7294481330187;65,7911211184374;"RF";9,69724728673171
39,06861111;-3,610277778;61,5801282080336;76;6,27149233472619;67,2989395849514;67,1697041050646;"RF";9,72263794395733
37,35194444;-3,291944444;61,6096036876073;135;14,9288420066613;47,2587862780825;47,344242861107;"RF";9,78307859985474
39,525;-1,977222222;61,7593813464739;20;11,5826649645756;72,581577832291;73,246283017983;"RF";9,82997198027812
37,78694444;-5,27;61,7879051395403;1;9,03589638598433;54,2522949487971;54,6110645490622;"RF";9,8665545567396
40,93972222;-2,786111111;61,8570705016633;122;4,17719779468276;65,3450034079255;65,3440940834963;"RF";9,88346628870188
37,39583333;-2,61;61,9429590017825;113;3,38594182297419;62,6195876924802;63,145037480807;"RF";9,89717455519165
42,57666667;0,276388889;61,9429590017825;147;19,1353924395072;43,4506793157963;43,7699638054958;"RF";9,9746457796431
38,70277778;-2,602777778;61,9726678550208;87;3,93312567194589;64,1370578186219;64,703129817494;"RF";9,99056936535948
41,33166667;-5,080277778;62,0461114473171;7;5,36828343170938;65,2395284795336;65,3601215413581;"RF";10,0123033063785
39,50027778;-1,897222222;62,1345378860382;21;7,3330235509977;68,5092640916714;68,6129635295209;"RF";10,041991660836
38,63583333;-1,968333333;62,3724420856089;24;6,78112431699262;68,7451245796338;68,6468491582152;"RF";10,0694456054392
38,98805556;-4,114722222;62,5408700451806;78;2,58098692866872;64,1373983419394;64,1693885306111;"RF";10,0798949452314
39,96638889;-4,300555556;62,5668449197861;80;10,5882774296843;72,7121996086908;73,1133383870144;"RF";10,1227624651896
42,91666667;-5,001388889;63,0258034831862;109;8,69603553170803;54,6744106407567;54,8249702170216;"RF";10,1579690867755
39,13666667;-1,675277778;63,0952797231851;88;3,2466334977772;65,0847650329249;65,068873874267;"RF";10,1711133519487
39,2725;-2,318333333;63,339275103981;98;11,1306967547139;73,1876441023445;74,5731046465096;"RF";10,2161769015629
41,2325;-5,494166667;63,458110516934;133;3,28480977326185;64,3858852099762;64,247115335032;"RF";10,2294757265559
17,46666667;-97,23333333;63,6363636363636;201;29,3374782814329;34,9966191910104;34,1781750205899;"RF";10,3482509422702
36,7;67,1;63,6363636363636;214;28,6871171621224;36,3589851468965;36,640618509516;"RF";10,4643931170156
38,99722222;-1,854444444;63,7254901960784;49;3,48717937505674;65,9509697875712;66,144945885694;"RF";10,4785112521373
42,57166667;-5,059722222;63,8787019355607;51;7,49961270834994;58,1508627139301;58,1441652842262;"RF";10,5088740566246
38,61388889;-2,049722222;64,4953298040163;129;4,80003774616199;66,1555774611111;66,42798143267;"RF";10,5283074078236
41,05;-2,1;64,4995305299781;162;13,6290135104584;51,1765849151772;51,4406669676225;"RF";10,5834856001736
42,90944444;-4,075833333;64,4995305299782;171;11,4005038510339;53,5509605626929;54,3067167847628;"RF";10,6296414862102
41,11527778;-5,572777778;64,7103164525675;64;11,9531424275489;74,4588044373512;77,59643302953;"RF";10,6780347753906
40,86972222;-2,8425;64,8430727974816;12;1,90441152883612;64,8811733922437;64,9606594415255;"RF";10,6857449435235
42,29111111;-4,141944444;64,9975964027965;168;11,9715654142267;53,9008252725263;53,1977661575281;"RF";10,7342128196945
38,71111111;-4,177777778;65,0462388770527;77;2,78343547985084;64,9348703621841;64,7601136411927;"RF";10,7454817892485
40,54472222;-2,9575;65,2788804361976;74;4,3872686216131;68,2772999068205;68,9831898362013;"RF";10,7632440103886
40,68833333;-2,884722222;65,4713938051816;125;3,90261820529403;63,1850392809167;62,6996022905585;"RF";10,7790440840943
37,13388889;-3,82;65,6897751147721;139;10,6301650627674;55,6601015683317;55,6365349522649;"RF";10,8220811896116
39,25666667;-1,853055556;65,6938008104855;32;4,84890366641296;61,5359106471924;60,893668024776;"RF";10,8417123785444
40,63333333;-2,9;65,8038146346285;124;3,56908238918561;65,5709820388451;65,7949352544949;"RF";10,8561621048164
42,25416667;-5,266666667;65,9536541889483;83;3,09418055164121;65,4483331937011;65,9246149427143;"RF";10,8686891515842
40,88416667;-2,8175;66,250742721331;114;4,10841757897189;63,6909799413207;64,0529137225877;"RF";10,8853224211347
42,07833333;-3,912777778;66,3459369963239;45;13,8560609275507;54,1302664801181;54,1093313968683;"RF";10,9414198337968
40,90361111;-2,913055556;66,5961285122037;36;2,84879975610744;66,4105101302779;66,4469607865922;"RF";10,9529534360483
42,95138889;-6,070833333;66,650516951919;53;19,2054476974765;47,6676797609429;47,669219621236;"RF";11,0307082850259
38,62194444;-2,026388889;66,6754299120606;25;6,10217526641478;62,0589650183432;62,2475955532986;"RF";11,0554134480478
40,16888889;-3,271111111;68,6757774105904;144;6,96526118173247;63,0202624222832;62,4926129699816;"RF";11,0836128860306
42,35694444;-5,209166667;68,6974464446496;67;8,01579944706153;61,6595508115446;61,7383019420038;"RF";11,1160655153709
41,24305556;-2,731111111;68,9363283269557;85;4,90888641518273;66,8498366858903;67,6311515447838;"RF";11,1359395494405
43,15222222;-4,916111111;69,0318460738285;39;16,4582649907072;53,0776107360808;52,994594605542;"RF";11,2025722012247
37,71944444;-2,536388889;69,2004490636486;94;5,79619226250562;63,7104522074742;63,5241873895248;"RF";11,22603856666
29,09666667;-13,47;69,2871134669122;174;20,5123608444779;49,6009951887606;48,6190934057713;"RF";11,3090845619817
40,75833333;-2,868888889;69,5916934225073;119;10,7039115641822;59,367369501707;58,9238918267244;"RF";11,3524202363306
-33,45;-70,66666667;69,6363636363636;198;15,4460784155048;55,7713926709329;56,2079109193997;"RF";11,4149549667578
42,21333333;-5,204722222;69,8339851112617;9;9,16544832292498;61,169260439163;60,8296304061489;"RF";11,4520620449883
38,72222222;-1,91;70,3296188603672;27;4,43604038479147;66,4735944994672;66,1555004821031;"RF";11,4700217226595
28,79722222;-17,75861111;70,9403481773063;2;18,8796644719499;53,2500312210038;55,0341685794949;"RF";11,5464576112099
38,75194444;-1,9525;71,4580885360922;26;4,45584794672631;67,6584681065269;67,6355922934885;"RF";11,5644974814395
42,37222222;-5,031944444;71,4724527494353;161;9,72150512220529;63,0128457254788;64,3718078727019;"RF";11,6038558017724
40,50305556;-2,942777778;72,045128149133;116;9,19490020655501;63,2321101014527;62,8366423720449;"RF";11,6410821183981
42,275;-5,433333333;72,2849655034185;43;13,4735958673277;59,1602087283374;58,8577092244567;"RF";11,6956310895209
42,22166667;-4,855555556;72,4086512418932;4;13,4765027559541;59,3236954876569;59,2248434742098;"RF";11,7501918294235
33,76062;35,885183;72,7272727272727;187;41,4724497899945;31,7282437836329;32,4197918768011;"RF";11,9180964844437
38,217972;37,203332;72,7272727272727;188;31,0116191915846;42,1520969563395;42,2753060440516;"RF";12,0436495985797
9,5833;41,8667;72,7272727272727;190;46,8135336503223;26,2772695971834;25,3981211063766;"RF";12,2331780748968
31,81666667;35,03333333;72,7272727272727;235;32,7629452984002;40,2785576092872;40,0382345406357;"RF";12,3658215781292
37,44;41,03;72,7272727272727;246;37,7165524808141;35,7604180180865;36,1419518642322;"RF";12,5185201711689
37,41666667;41,38333333;72,7272727272727;247;32,8907984258366;41,4000740361035;43,730720017793;"RF";12,651681298399
40,745;-3,031388889;72,9385019312442;121;19,5405591891357;54,1173876895542;53,1379514692296;"RF";12,7307928740635
41,82083333;-4,176388889;73,0872795711001;40;12,0815720966813;61,2201410210798;61,3849090583156;"RF";12,7797061214185
42,4925;-4,603055556;73,2156833042995;5;23,4583314529924;50,2355973110496;50,063968328318;"RF";12,8746791232525
39,72222222;2,913055556;74,331550802139;132;38,3615981419438;36,5090908047832;35,8262621917408;"RF";13,0299892371875
40,94527778;-2,725;74,5231062204477;163;8,94038030376969;66,0294385334264;65,6779607467077;"RF";13,0661851088627
42,32166667;-5,019166667;74,5692216280452;82;17,7568348241235;57,987671075525;58,5182103081085;"RF";13,1380751283936
42,39027778;-5,390277778;74,9589138591638;172;22,3731744671523;53,1436069142121;52,9946322676552;"RF";13,2286547821067
39,115;-1,996666667;75,7938832833242;33;13,4633141531674;62,4211282066716;62,2869886601068;"RF";13,2831621268564
39,46972222;-3,5325;76,7021444140281;167;9,08611045479578;68,2020803680194;68,5941876682553;"RF";13,319947999143
37,76888889;-3,956666667;77,2565775579797;3;25,0596475426794;52,4246518899327;52,265604653234;"RF";13,4214040620688
40,53166667;-3,030833333;77,8332688759129;75;13,9580412023309;64,4123563818038;64,0938527847562;"RF";13,4779143503374
41,04388889;-5,534166667;78,0804672781095;48;18,4800091421689;59,8198026100985;59,7610946573035;"RF";13,5527322011154
42,295;-5,518888889;78,2769704752677;61;14,6821960965785;63,8137654320652;63,4907582617071;"RF";13,6121742905752
40,95027778;-3,0875;78,4453749688924;164;10,8323619127731;68,1573476187564;68,0867239876349;"RF";13,6560300068213
40,46361111;-2,960277778;78,7369909531317;127;14,8534911836393;64,1122597454511;64,1274768065205;"RF";13,7161655986579
28,60944444;-13,92638889;78,7415534725638;90;16,6254472946305;63,509623579144;65,2775117407928;"RF";13,783475101875
40,71666667;-2,766666667;79,4991292301396;146;12,6055471261314;67,1983759652056;67,7576083703468;"RF";13,8345097056245
39,26888889;-2,605833333;79,6629946702791;180;11,3727395215579;68,9411758971539;69,3479829389772;"RF";13,8805531854689
41,70083333;-4,84;80,9455046262857;66;16,4267839165627;64,8051044927507;64,8938942148782;"RF";13,9470583835116
42,53472222;-5,275;80,9553297861436;41;26,8657945610744;54,4905496217349;54,8514843825958;"RF";14,0558267825443
28,39583333;-14,08666667;81,3813122650018;92;16,0904696323893;66,6187661525207;68,3976309725634;"RF";14,1209703842949
40,29916667;-2,98;81,4999143042903;118;12,3707976595196;69,6413506530839;69,7464715915814;"RF";14,1710545853456
28,5325;-13,93194444;81,77685659792;91;21,9701885077267;60,6861161682506;60,7868852882225;"RF";14,2600027169558
26,51694444;83,8;81,8181818181818;231;56,2006794135147;25,8443107473081;25,7795133293426;"RF";14,4875358319903
35,18333333;59,38333333;81,8181818181818;232;57,266902946859;24,8554305676858;24,1653034960539;"RF";14,7193856414917
40,64083333;-2,841388889;81,9318360786209;156;18,9791121021611;63,0351815484119;62,995890855537;"RF";14,7962241520268
39,61194444;-1,794722222;81,9318360786209;165;13,2414692662646;69,1798656777545;69,0631062421242;"RF";14,8498333393396
38,97388889;-3,343888889;83,3403345432697;182;15,6360396694059;67,9132606821671;68,22868215858;"RF";14,9131371436692
41,53805556;-5,386666667;83,6750666334852;159;17,8039557228301;66,2073521947426;66,2652516028801;"RF";14,9852179360693
39,76055556;-3,163055556;83,6750666334852;166;14,784783117781;69,2424891385453;69,4712675477789;"RF";15,0450753575988
39,35333333;-2,324722222;85,4182971883495;154;14,6170727939408;71,1555375906417;71,2457712172519;"RF";15,1042537899629
39,33333333;-1,716666667;86,2899124657816;153;23,1506490262419;63,220964374314;62,9915898850434;"RF";15,1979811139558
39,51444444;-2,489444444;87,1615277432138;169;26,8937260709818;60,4590441451274;60,0967490042546;"RF";15,3068625960246
40,1425;-3,421111111;87,1615277432138;179;25,8190626047858;61,6285761142246;61,6901990543099;"RF";15,4113932138577
40,7;36,61666667;87,8787878787879;192;49,4952399393989;38,6567997107549;38,715692705291;"RF";15,6117788006569
38,96583333;-1,444166667;88,810984516506;151;28,622308618722;60,7328032619801;60,8271486039594;"RF";15,7276585926355
39,56166667;-1,908611111;88,904758298078;152;24,2060456033444;64,842171705884;64,4756259217711;"RF";15,8256587772644
41,09361111;-5,559444444;88,904758298078;158;24,1091285758934;64,8931460305794;65,0666985228952;"RF";15,923266585264
37,88;-1,708611111;88,904758298078;173;21,5440520595003;67,6717922387992;67,7424513830421;"RF";16,010489468096
39,32472222;-2,269166667;90,378532276764;34;26,0274713100926;64,7495885587092;62,9324349405976;"RF";16,1158638458696
39,72972222;-2,926388889;92,3912194078066;155;29,8711496483298;62,6215594774729;62,4193430389744;"RF";16,2367996744054
41,65361111;-4,721944444;92,3912194078066;160;30,4407546350865;62,2167081685933;61,9926781749983;"RF";16,3600415960049
40,86722222;-1,935833333;94,1344499626708;157;30,7850064238914;63,5416460210695;63,5354374932744;"RF";16,484677249543
43,91666667;5,13333333;0;239;47,1717830721945;47,0597035976241;47,4061404300179;"Ridge";0,190978878834796
43,35694444;16,95027778;0;240;35,9214781006995;35,373802821216;35,5132409396315;"Ridge";0,336409964262729
36,33305556;33,41333333;0;249;47,1649721713117;47,0331248431096;47,632172183337;"Ridge";0,527361268600023
25,18333333;85,51666667;0,454545454545455;227;27,5963393579075;26,2225340543013;27,6886031296285;"Ridge";0,639087338874953
32,33333333;74,35;0,909090909090909;217;37,205496728304;37,4870741729414;36,7221467123964;"Ridge";0,78971688028509
37,079643;37,410987;0,909090909090909;243;48,4657138208872;49,1896223083806;49,5090571147107;"Ridge";0,985934345146982
37,823196;32,989336;1,81818181818182;244;48,7723902720415;50,4220580185206;50,547742197394;"Ridge";1,18339341507428
40,59194444;17,11527778;3,18181818181818;234;41,4269922794299;44,4535125745637;44,4715569051528;"Ridge";1,35111403159019
41,54361111;22,54444444;3,63636363636364;210;40,4000196372506;43,3580051080547;43,5491308837819;"Ridge";1,51467686412966
30,06666667;73,06666667;3,63636363636364;216;53,8293599983035;56,9131597631244;56,975644390139;"Ridge";1,73260949570174
28,98333333;77,7;6,36363636363636;230;28,5736122862295;33,4424204139835;33,9400229739045;"Ridge";1,84829213653668
19,51666667;-98,86666667;7,27272727272727;223;81,5082473042412;88,2011734352852;87,1074736883558;"Ridge";2,17828504060243
36,3;30,15;9,09090909090909;238;34,5230134864919;43,2524738213905;43,2498761396218;"Ridge";2,31805432597284
38,38333333;37,6;9,54545454545454;250;35,159592414907;44,3268281978543;44,7130001563107;"Ridge";2,46040085396842
41,81194444;21,99472222;10;208;37,5637701716907;47,4047207144608;47,4625509228158;"Ridge";2,61248089514935
11,5;39,6;13,6363636363636;209;8,9129497684258;15,7887636834502;16,1274238929191;"Ridge";2,64856571202557
42,33333333;-5,36666667;13,6363636363636;233;51,7519786274447;65,3671636335972;65,3696760931851;"Ridge";2,85808789270349
-36,6;-72,11666667;15,1515151515152;195;40,8770871090196;53,962841522001;53,6604364064112;"Ridge";3,02358217249709
35,28333333;47,18333333;16,3636363636364;219;25,9652906034036;41,9711033062857;42,1963933656576;"Ridge";3,12870480651896
37,18277778;-3,0625;16,7398057320468;112;40,592554352547;57,2833435838857;57,1457831683194;"Ridge";3,29304713183292
37,17722222;-2,947222222;16,8442826374179;105;39,0727416015922;55,853416640321;55,7219063230385;"Ridge";3,45123636908633
43,13472222;-8,931666667;16,8547595857661;128;29,5198248445292;45,9356648094124;45,9765335687999;"Ridge";3,57074982999535
42;47;18,1818181818182;202;23,3453768809131;39,8959086439325;40,0399060508381;"Ridge";3,6652655258695
32,608304;51,749865;18,1818181818182;220;37,7003772323368;55,6166079772815;55,7187976324557;"Ridge";3,81789863207329
28;80;18,1818181818182;225;9,56542521921037;21,7246197918394;22,9776029090246;"Ridge";3,85662504996483
39,53333333;67,88333333;18,1818181818182;252;21,3987187173728;39,1445916847105;39,4632429865003;"Ridge";3,94325953869913
28,96027778;-13,55138889;20,6355990579496;143;37,7433160531584;58,163855505667;58,3321568157315;"Ridge";4,09606648628277
40,10888889;-3,387222222;23,5294117647059;177;34,8277190698069;58,3392528120484;58,2129126492694;"Ridge";4,23706939749656
42,77416667;-5,943333333;23,9210374612756;100;30,3976842206099;54,2479921709988;54,3696935088034;"Ridge";4,36013694494843
36,39;37,18;25,4545454545455;199;19,6746773676789;44,0828091450043;44,8610738927314;"Ridge";4,43979150919004
46,905304;-117,080171;25,4545454545455;222;60,481382462796;85,1096934239626;84,349332854368;"Ridge";4,68465540580055
38,2494;48,3014;27,2727272727273;203;19,6233068679129;46,3882247190949;46,7380218254532;"Ridge";4,76410199231032
44,08333333;7,6;27,2727272727273;241;18,7439683714829;45,6587909106555;45,9502336835179;"Ridge";4,83998850393576
40,322625;36,569123;27,2727272727273;248;17,6144335740773;44,6753048609263;44,7910050223326;"Ridge";4,91130200018708
37,56666667;41,06666667;27,2727272727273;251;17,1294453033159;43,9284361296753;44,1052314054075;"Ridge";4,98065198117216
39,46666667;67,73333333;27,7272727272727;253;14,1193126038156;40,9961750135518;41,161148392524;"Ridge";5,03781519009449
34,6175;71,97138889;29,3939393939394;218;7,63829185749228;33,6449504202188;33,9117438097863;"Ridge";5,06873944862685
29,145027;71,27512;30,3030303030303;215;19,3671029194176;47,4607394775047;47,7836103557288;"Ridge";5,14714877218725
42,40944444;-4,175555556;30,896591209889;47;29,3032898237424;60,130771078822;59,9267698765078;"Ridge";5,26578557309309
39,63333333;22,41666667;35,1515151515151;191;16,0612554181763;50,6411318399205;51,0137556039017;"Ridge";5,33081089867275
37,08333333;-5,5;35,2941176470588;181;18,3331510048171;53,3016304907631;53,7097091078232;"Ridge";5,40503418209306
42,40694444;-4,902222222;35,2983183730206;183;21,9407987800997;57,1809060385068;57,3666848579021;"Ridge";5,49386332695176
40,58805556;-1,789722222;35,3467440513165;72;19,8242424714766;55,018535406117;55,1750374112243;"Ridge";5,5741234179294
39,77111111;3,024444444;35,6888626108857;6;12,124168099868;47,5059575115832;47,1963233845181;"Ridge";5,62320911873858
-28,63333333;-53,1;36,3636363636364;224;19,8336875737311;30,249217473109;29,5611799737251;"Ridge";5,7035074489966
32,994619;35,22434;36,3636363636364;236;10,6484357970493;46,1836174641411;45,8554425764519;"Ridge";5,74661852509802
37,62;35,86;36,3636363636364;237;7,5817017684784;43,1467859857079;42,810473651198;"Ridge";5,77731367395825
42,89305556;-5,763888889;37,8266125778946;56;9,7239545503465;47,1890999484494;47,4011306424508;"Ridge";5,81668191100419
40,98944444;-6,865;38,0543664588735;141;23,3260439649067;61,166631148764;61,144662948091;"Ridge";5,91111933596333
28,05;79,11666667;38,1818181818182;229;15,6482175035911;25,7348793266124;26,3321304149862;"Ridge";5,97447244326532
40,73611111;-1,617777778;38,8803309223134;73;18,1298187132784;56,86967832336;56,6768630207807;"Ridge";6,04787251902758
-37,88333333;-71,18333333;39,3939393939394;197;20,4366816291226;30,7094727943556;27,2273182416639;"Ridge";6,13061212076492
40,19583333;-1,616111111;40,1604278074866;86;16,0145728556769;55,9745923083214;55,9230267530904;"Ridge";6,19544844811583
42,82777778;-4,951388889;40,9506833036245;50;12,1337372072514;52,8674720053977;52,7080831944391;"Ridge";6,24457289025046
42,80833333;-5,584722222;41,6515356472519;14;11,5977404353903;53,1367772183878;53,0747263268655;"Ridge";6,29152730496864
42,29777778;-5,897777778;42,5902082273629;68;25,3237085881382;67,7022069243875;67,5959521547627;"Ridge";6,394052440953
40,68333333;-2,916666667;43,0168908272147;123;16,274798304464;59,2586263703521;59,2360549163978;"Ridge";6,45994231263099
28,56666667;-13,83333333;43,2049691065022;137;17,0759618862853;59,6291081299481;59,4787931953748;"Ridge";6,52907576156332
41,37472222;-2,908333333;44,0765843839343;44;16,8611156473615;60,8836717786787;60,836253892737;"Ridge";6,597339387666
48,33333333;-1,16666667;44,2424242424242;194;5,78226363393538;47,2037225510147;46,7567062453596;"Ridge";6,62074936189246
29,14527778;-13,49666667;44,405492258253;175;8,44469308260498;51,1838590725531;51,7599810383882;"Ridge";6,65493840271272
37,3225;-3,330555556;44,4982167262531;95;13,7584756815987;58,1282490393993;58,0478563470893;"Ridge";6,71064073340745
42,42555556;-0,661388889;44,622697563874;148;9,2308598099743;53,4641410558959;53,5526321522223;"Ridge";6,74801263547213
41,40805556;-4,403055556;45,2414048045388;126;20,5854771293624;65,7304031803851;65,7434393629482;"Ridge";6,83135464814161
41,66666667;26,56666667;45,4545454545455;184;8,30474242740319;38,3527029055749;38,4248976460101;"Ridge";6,86497708711895
48,02863;0,332655;45,4545454545455;193;6,74037700221162;50,8787394203801;50,8161590866266;"Ridge";6,89226606283641
37,21666667;30,3;45,4545454545455;204;4,63845957642816;49,1544416006785;49,29200360086;"Ridge";6,91104525140494
38,25194444;-3,203888889;45,9135040179455;140;11,7328443006831;57,5587594221292;57,4969791586275;"Ridge";6,95854664533483
42,98472222;-6,023611111;46,4229472598727;54;2,76605179242964;45,3415800931473;45,4024453779345;"Ridge";6,96974523558758
41,0775;-5,611944444;46,5409337600484;62;20,0071496545113;66,4984988085434;66,3561671770501;"Ridge";7,05074584147629
42,95277778;-5,544444444;46,6207976032949;57;3,07821236935591;48,542915927496;48,4484991398999;"Ridge";7,0632082397328
42,33;-4,034166667;46,7245557113502;46;8,67876464665536;55,2420986957519;55,2482298533839;"Ridge";7,09834493870711
42,94305556;-5,722222222;46,7556438158039;107;2,55651497497163;46,9325458752712;46,9221490879595;"Ridge";7,10869520176367
41,94305556;-4,506388889;47,6471217958447;93;16,1242538679609;63,6912060226187;63,7261776967263;"Ridge";7,17397558179591
40,51916667;-2,879722222;47,8441127311037;117;10,70322009397;58,4660616533483;58,4619471182011;"Ridge";7,21730845667028
28,96666667;-13,71666667;48,3006588022828;104;5,93069330367847;45,9590855160089;46,0468192081797;"Ridge";7,24131936073375
33,367793;35,874029;48,4848484848485;186;10,9268856275083;38,7703211952643;38,7549451502156;"Ridge";7,28555776408399
31,75;-8,25;48,4848484848485;211;15,5583190255546;63,6293407244393;63,4662249706913;"Ridge";7,34854690993644
41,07472222;-5,566944444;48,7930982091734;65;14,7013382534699;63,3800740241496;63,3377956367016;"Ridge";7,40806649800717
39,82416667;-2,767222222;48,9543323291001;19;10,6378243269723;59,4983518398043;59,5365956242738;"Ridge";7,45113461269126
37,67083333;-4,236666667;49,4236482471777;131;3,70743307843474;51,7792015069654;51,8120121731107;"Ridge";7,46614446321124
40,32361111;-3,108333333;49,8314226298508;84;10,6639646659371;60,4581884303894;60,4967855400566;"Ridge";7,50931840922718
37,30611111;29,77583333;50;206;4,42762213612716;47,1466518629784;47,2875719365807;"Ridge";7,52724400492
41,06666667;-1,385833333;50,0297088532383;149;13,3758700557272;63,2660217400842;63,4351844190453;"Ridge";7,58139732498368
42,17277778;-0,005277778;50,1782531194296;150;3,99661927083095;53,5924047067501;53,475250980065;"Ridge";7,59757796980486
41,98611111;-5,403055556;50,2898304828347;142;16,8524122354019;67,0501386349428;67,1433043429166;"Ridge";7,66580635942187
40,75138889;-1,806111111;50,7531824019053;71;7,65815205396553;58,2663958168755;58,1237359342291;"Ridge";7,69681102360796
37,57305556;-3,503611111;50,9315900452846;136;6,93205946663144;57,3983047680193;57,5220789509356;"Ridge";7,72487604169149
40,86444444;-2,724722222;51,455733808675;38;8,8362196469849;60,1974689114954;60,1950827052284;"Ridge";7,76065021030277
33,544635;68,4106;51,5151515151515;189;6,95189861129368;48,4369797793631;48,4779174079964;"Ridge";7,78879554881003
39,28833333;-1,47;51,6176038396924;30;11,8438488100021;63,3688497741155;63,3958849942944;"Ridge";7,83674635370882
42,09972222;-5,033055556;51,8742832077368;145;14,1221635287828;65,8991652657489;66,0023919715574;"Ridge";7,8939211048375
38,07055556;-3,306111111;51,8895460382689;110;6,92678432426657;58,462542750931;58,3907057087178;"Ridge";7,92196476606934
42,35083333;-5,383888889;51,9288093250562;69;12,4589786571941;64,2857070664242;64,2998997012765;"Ridge";7,97240597520778
39,81805556;-2,949166667;52,3661578407158;99;10,0492336692444;62,2900903296859;62,3190246598582;"Ridge";8,01309113176343
40,735;-2,833888889;52,4597436375508;115;8,44009550547836;60,8146622838127;60,8228780861639;"Ridge";8,04726155891111
40,21138889;-3,190833333;53,42666061901;16;5,04739731674922;58,3835071049743;58,3615340409576;"Ridge";8,06769636586152
42,96944444;-6,125;53,5145625455983;103;9,24215625873053;44,6973194731249;44,5787871230847;"Ridge";8,10511400253654
42,275;-5,058333333;54,1550794713512;52;10,1428513184381;64,2171971463775;64,324894614462;"Ridge";8,14617817791483
39,74194444;39,4925;54,5454545454545;185;8,58780243617601;46,6470230412422;46,9494821369304;"Ridge";8,18094660883052
40,91666667;32,08333333;54,5454545454545;205;12,6065676284751;42,2577743740516;42,2863116929145;"Ridge";8,23198534416848
39,4;30,63333333;54,5454545454545;207;6,03859393818936;49,332709080668;49,4149823352622;"Ridge";8,25643309290609
31,13333333;35,64083333;54,5454545454545;213;5,34114610881926;50,5998707168118;50,5792568145761;"Ridge";8,27805716622114
49,98333333;16,95;54,5454545454545;242;10,5991614920184;45,314140600151;45,4178254541604;"Ridge";8,32096875120907
37,901623;40,155321;54,5454545454545;245;29,4790520235381;26,1069996326379;26,6089987471763;"Ridge";8,44031713996834
38,11027778;-3,085;54,5496552714164;11;5,03146415713746;59,2318067175199;59,2300821753974;"Ridge";8,46068744019966
43,00694444;-5,683333333;55,157053147149;108;14,0554438643675;41,4810520743979;41,6988378826734;"Ridge";8,51759207122949
41,01972222;-5,590277778;55,3475935828877;130;8,89441517519898;64,0617723206326;63,9158160742264;"Ridge";8,55360184926673
42,88611111;-5,454166667;55,9965616247945;58;8,35723863060278;48,1501850022878;48,2996482709041;"Ridge";8,5874368234797
42,33888889;-5,368055556;56,0864307820815;42;3,15512749859614;58,631996478387;58,7134405266247;"Ridge";8,60021061902058
36,94611111;-3,179444444;56,1174075711547;96;2,1119291602841;57,069336781308;56,8892303879816;"Ridge";8,60876093950755
39,20833333;-2,158055556;56,8033273915627;97;6,49760314962282;63,1366851492034;63,2392447697758;"Ridge";8,63506702513356
40,00861111;-3,945555556;56,8760708628653;111;4,58010116644333;53,5327923030351;53,8072648808324;"Ridge";8,65360994483576
40,03888889;-2,7375;56,9400720795457;18;4,57101369316595;61,2186572278006;61,2084313584328;"Ridge";8,67211607314817
39,33333333;-2,266666667;56,9455471028643;35;5,84059598673057;62,6247047254356;62,649907694056;"Ridge";8,69576221074627
39,62722222;-1,943611111;57,397504456328;89;1,77579027272816;57,2837409162764;57,1477108799539;"Ridge";8,70295164504881
42,60861111;-4,795555556;57,8847296494355;81;2,10400521299763;58,9211756330147;59,0916075723831;"Ridge";8,71146988477755
39,26666667;-1,911666667;57,9570061258915;31;9,29598618933032;67,0311487550912;66,8597458780888;"Ridge";8,74910545639427
42,13388889;-5,089166667;58,0952797231851;8;7,76154214012695;65,6582115486327;65,6889344232215;"Ridge";8,78052870392515
37,49194444;-2,773611111;58,2932333248104;0;2,82598940395555;60,1273907754863;59,7463078806799;"Ridge";8,79196995657274
28,52666667;-13,99055556;58,4429794975192;138;5,04058947451485;56,9590353388595;57,011262600471;"Ridge";8,81237720140884
42,97333333;-4,923888889;58,7203535002832;59;9,31289699132941;49,9048291749397;49,8064458716915;"Ridge";8,85008123781098
40,74527778;-1,735277778;58,8512428558808;70;2,49714968318798;57,8576555681619;57,8398257365052;"Ridge";8,86019115555668
14,56666667;-90,73333333;59,0909090909091;200;16,6873121679877;54,8177787602677;51,8930568565043;"Ridge";8,92775112384813
44,22361111;20,31166667;59,0909090909091;212;22,4399359813393;37,1002908471372;36,9323523565055;"Ridge";9,01860106709242
39,36666667;-1,7;59,2530124955911;22;7,21202408361179;66,2027084031223;65,9855363192779;"Ridge";9,04779954516372
40,95388889;-2,415277778;59,4473721106371;37;1,61165589310278;58,3188494201775;58,1900700577457;"Ridge";9,05432446780786
39,35722222;-1,715;59,6605115230562;23;2,49606418477974;61,9233290514836;61,9341733196835;"Ridge";9,06442999082316
42,46388889;-6,205555556;59,9205633173515;102;3,11901543306663;58,2526405495213;58,0981628249003;"Ridge";9,07705758366959
40,14277778;-2,568888889;59,9241992051113;17;1,82987499705623;58,9182907264839;58,6915011105482;"Ridge";9,08446598446738
42,95;-5,983333333;59,9312868533099;55;13,3631907443441;46,7635877144725;46,6126295644728;"Ridge";9,13856797128659
38,96333333;-2,125;60,1148026131653;28;2,53461628612319;62,2761328978574;62,3074584904954;"Ridge";9,14882957568385
43,00277778;-5,256944444;60,1676702130699;60;13,4436398223962;47,1667273761989;47,4003204798334;"Ridge";9,2032572672725
39,92333333;-3,007777778;60,3022227530027;10;1,56641364066485;61,6023653565415;61,6272344961677;"Ridge";9,20959902290272
40,82444444;-2,781111111;60,3172685717428;120;1,16299683296334;59,790242819318;59,666347121458;"Ridge";9,214307512105
40,92638889;-2,921111111;60,4936091682754;13;2,6871499326059;62,7685034106099;62,8514966616775;"Ridge";9,22518666162972
37,34388889;-3,785555556;60,589910891313;134;4,73221729374523;56,4358531174571;56,4344774172461;"Ridge";9,24434543609833
41,065;-5,524166667;60,6049986915967;63;4,20906784444762;64,464945645751;64,2824059080722;"Ridge";9,26138619660216
40,51166667;-2,89;60,6369285056393;15;2,654009597399;58,330029037708;58,2747743768603;"Ridge";9,27213117472928
40,62083333;-2,952777778;61,0088686942878;176;1,15978889377004;61,2010171152519;61,0756003589072;"Ridge";9,27682667632349
42,87638889;-4,1125;61,0130694202496;170;13,0627012782784;48,1084703881983;48,1042285864998;"Ridge";9,32971210659992
39,96138889;-3,498333333;61,2032085561497;79;2,41379754055126;59,1025897149952;59,1304166618161;"Ridge";9,33948456627827
38,88527778;-2,149722222;61,5231084481054;29;1,51385112514653;61,51744402265;61,3913979977686;"Ridge";9,34561351820194
39,06861111;-3,610277778;61,5801282080336;76;2,60936869556783;63,490771188674;63,3983204832186;"Ridge";9,35617776393299
37,35194444;-3,291944444;61,6096036876073;135;6,16034344734314;55,8136486684504;55,5522201560734;"Ridge";9,38111842566312
39,525;-1,977222222;61,7593813464739;20;1,93618613924238;60,2247543032237;60,2093519512139;"Ridge";9,38895723594345
37,78694444;-5,27;61,7879051395403;1;8,54659373794592;53,7087198059254;53,6058992902009;"Ridge";9,42355883002421
40,93972222;-2,786111111;61,8570705016633;122;1,63190556818153;62,7633084235462;62,7702539788385;"Ridge";9,43016573515854
37,39583333;-2,61;61,9429590017825;113;1,92124393720342;60,8195789082518;60,7578141827924;"Ridge";9,43794405069378
42,57666667;0,276388889;61,9429590017825;147;17,7324530123776;44,5408392549067;44,4530723850504;"Ridge";9,5097353584362
38,70277778;-2,602777778;61,9726678550208;87;2,93966970925393;59,3341654046291;59,3027499342781;"Ridge";9,5216368552348
41,33166667;-5,080277778;62,0461114473171;7;5,38773878979253;58,9941193181601;58,852192578777;"Ridge";9,54344956288578
39,50027778;-1,897222222;62,1345378860382;21;1,65083455441381;62,2953821621695;62,134742980934;"Ridge";9,55013310359191
38,63583333;-1,968333333;62,3724420856089;24;1,51931085734466;61,8071090680353;61,8705537530557;"Ridge";9,55628415969452
38,98805556;-4,114722222;62,5408700451806;78;3,33596382436641;59,5147990256209;59,5086662976206;"Ridge";9,56979008610896
39,96638889;-4,300555556;62,5668449197861;80;1,75256473668724;62,326970501249;62,2521738201851;"Ridge";9,57688548990122
42,91666667;-5,001388889;63,0258034831862;109;14,7053026866258;48,5520061961394;48,5862622033205;"Ridge";9,6364211283086
39,13666667;-1,675277778;63,0952797231851;88;3,33322944111807;65,6621058984339;65,5814311665529;"Ridge";9,64991598434552
39,2725;-2,318333333;63,339275103981;98;1,49220329794258;63,0691494350595;63,0664961874666;"Ridge";9,65595729324408
41,2325;-5,494166667;63,458110516934;133;6,84878929130127;69,9754807993439;70,0481751952487;"Ridge";9,68368518511169
17,46666667;-97,23333333;63,6363636363636;201;16,452965716366;52,8499339369243;52,2249934363812;"Ridge";9,75029638234394
36,7;67,1;63,6363636363636;214;22,3868887863502;42,2999681708788;43,0643140814941;"Ridge";9,84093155961662
38,99722222;-1,854444444;63,7254901960784;49;1,9527966756368;62,6895654325581;62,6384391041065;"Ridge";9,84883761903215
42,57166667;-5,059722222;63,8787019355607;51;4,71779656535016;59,6385342958839;59,6170749267772;"Ridge";9,86793800998498
38,61388889;-2,049722222;64,4953298040163;129;8,20469553632639;56,4878767310672;56,2888096645668;"Ridge";9,90115540082031
41,05;-2,1;64,4995305299781;162;9,07704856074348;55,6173591766889;55,7006531904194;"Ridge";9,93790458527676
42,90944444;-4,075833333;64,4995305299782;171;17,9234789162181;46,7197722336267;46,6087955004006;"Ridge";10,0104692772453
41,11527778;-5,572777778;64,7103164525675;64;1,37635718943233;63,9609234866396;64,0528818228014;"Ridge";10,0160415735588
40,86972222;-2,8425;64,8430727974816;12;3,42491979473802;61,6027261164671;61,6336247249537;"Ridge";10,0299076456022
42,29111111;-4,141944444;64,9975964027965;168;5,14290674407697;60,023324310089;60,0858537160677;"Ridge";10,0507291303961
38,71111111;-4,177777778;65,0462388770527;77;8,67013972144037;56,6103444390934;56,4103392115643;"Ridge";10,0858309106448
40,54472222;-2,9575;65,2788804361976;74;5,60655602367637;59,7555009896155;59,7692296385153;"Ridge";10,1085295180281
40,68833333;-2,884722222;65,4713938051816;125;5,45646701386068;60,1019467836556;60,1000441183218;"Ridge";10,1306204775984
37,13388889;-3,82;65,6897751147721;139;6,20554366621118;59,7511980762908;59,6745620124343;"Ridge";10,1557441361661
39,25666667;-1,853055556;65,6938008104855;32;2,53998437037391;67,0275700742424;66,7678989380488;"Ridge";10,1660274736979
40,63333333;-2,9;65,8038146346285;124;5,83620404743361;60,0647386300578;59,9103571798365;"Ridge";10,1896558301653
42,25416667;-5,266666667;65,9536541889483;83;6,90095321233703;59,3614491532515;59,4997275839582;"Ridge";10,2175949119966
40,88416667;-2,8175;66,250742721331;114;5,9379187795202;60,5184311911213;60,4846577068657;"Ridge";10,2416350689987
42,07833333;-3,912777778;66,3459369963239;45;6,02602135852808;60,5835748672343;60,6201472663701;"Ridge";10,2660319166041
40,90361111;-2,913055556;66,5961285122037;36;6,96873349955814;59,7385129957148;59,5504425713349;"Ridge";10,2942454125537
42,95138889;-6,070833333;66,650516951919;53;22,5287580150595;44,3327077211726;44,6602420649393;"Ridge";10,3854549591734
38,62194444;-2,026388889;66,6754299120606;25;6,08702321873535;60,7531611457406;60,7384450278548;"Ridge";10,4100987778727
40,16888889;-3,271111111;68,6757774105904;144;10,2839736619247;58,44371077484;58,3048457516426;"Ridge";10,4517342987712
42,35694444;-5,209166667;68,6974464446496;67;9,39031923769827;59,5448721040062;59,6876439275247;"Ridge";10,4897517855635
41,24305556;-2,731111111;68,9363283269557;85;10,1152949938526;58,8641622112252;58,8501831106556;"Ridge";10,5307043968746
43,15222222;-4,916111111;69,0318460738285;39;25,0718483975367;44,3744181713646;44,4552090384048;"Ridge";10,632209855974
37,71944444;-2,536388889;69,2004490636486;94;7,97425903374211;61,4478274451661;61,5286377091182;"Ridge";10,6644943055033
29,09666667;-13,47;69,2871134669122;174;21,667150159844;48,2951812974991;48,2498214441062;"Ridge";10,7522155612112
40,75833333;-2,868888889;69,5916934225073;119;8,05299045527311;61,6166879233931;61,5795732041196;"Ridge";10,7848187614349
-33,45;-70,66666667;69,6363636363636;198;26,8421854365263;47,9145086420156;45,5689109102852;"Ridge";10,8934915769674
42,21333333;-5,204722222;69,8339851112617;9;6,81477474250523;63,1910393349761;63,1169538716136;"Ridge";10,9210817581112
38,72222222;-1,91;70,3296188603672;27;9,32832252666423;61,090762671328;60,9829828825081;"Ridge";10,9588482460734
28,79722222;-17,75861111;70,9403481773063;2;26,3443035671087;44,9604366791574;45,2686178703429;"Ridge";11,0655053455354
38,75194444;-1,9525;71,4580885360922;26;12,2703715887793;59,3098766128157;59,1289867610046;"Ridge";11,1151829633037
42,37222222;-5,031944444;71,4724527494353;161;8,77008144099572;62,8102040614965;62,8871125786852;"Ridge";11,1506893658988
40,50305556;-2,942777778;72,045128149133;116;12,8585289695987;59,2220777745486;59,2408802056229;"Ridge";11,2027481876381
42,275;-5,433333333;72,2849655034185;43;6,98470223208201;65,4974144892186;65,4093391379681;"Ridge";11,2310263343267
42,22166667;-4,855555556;72,4086512418932;4;9,93833335295992;62,6255844589039;62,722998728193;"Ridge";11,2712625017476
33,76062;35,885183;72,7272727272727;187;42,8894336407985;30,2931657970701;30,492004158872;"Ridge";11,4449039334917
38,217972;37,203332;72,7272727272727;188;20,6451082386846;52,5815463988801;52,5176694483784;"Ridge";11,5284873676564
9,5833;41,8667;72,7272727272727;190;44,1975990395149;29,2735688763943;29,3373932657958;"Ridge";11,7074250155897
31,81666667;35,03333333;72,7272727272727;235;24,5783593759467;48,3977016453575;48,5522887956885;"Ridge";11,8069325434275
37,44;41,03;72,7272727272727;246;34,0358436792473;39,0042742356349;38,8867495322049;"Ridge";11,9447294814002
37,41666667;41,38333333;72,7272727272727;247;36,0665794702384;36,8599827607902;37,2649754104639;"Ridge";12,0907480217655
40,745;-3,031388889;72,9385019312442;121;15,9539298510189;57,0529947571962;56,9222692873643;"Ridge";12,155338830879
41,82083333;-4,176388889;73,0872795711001;40;10,504318446021;62,7147507823048;62,7859130991666;"Ridge";12,1978664359236
42,4925;-4,603055556;73,2156833042995;5;20,1074471251806;53,2267494678718;53,0654401142016;"Ridge";12,2792731044466
39,72222222;2,913055556;74,331550802139;132;27,7085223510225;46,7242938406808;46,7952947452969;"Ridge";12,3914533568799
40,94527778;-2,725;74,5231062204477;163;14,907602758021;59,655066468779;59,5311338315119;"Ridge";12,4518080239164
42,32166667;-5,019166667;74,5692216280452;82;11,2426328251956;63,4068163771856;63,5508397081865;"Ridge";12,4973247560022
42,39027778;-5,390277778;74,9589138591638;172;11,3268120226976;63,7157210998517;63,6487192938406;"Ridge";12,5431822945556
39,115;-1,996666667;75,7938832833242;33;13,2493359835758;62,6151373054811;62,5942906721201;"Ridge";12,5968233309264
39,46972222;-3,5325;76,7021444140281;167;12,3075610873355;64,4861288031031;64,4025299800871;"Ridge";12,6466515134662
37,76888889;-3,956666667;77,2565775579797;3;24,8483048452887;52,5357965885034;52,6472476407019;"Ridge";12,7472519379411
40,53166667;-3,030833333;77,8332688759129;75;17,9007078945497;59,9728135641924;59,9587358780436;"Ridge";12,8197244395384
41,04388889;-5,534166667;78,0804672781095;48;14,1248308181788;64,046815026541;63,9934728529784;"Ridge";12,8769099894096
42,295;-5,518888889;78,2769704752677;61;15,6134702511151;62,7896394100019;63,0074089977718;"Ridge";12,940122419576
40,95027778;-3,0875;78,4453749688924;164;19,1027099938953;59,4085671129007;59,366809154887;"Ridge";13,0174613264339
40,46361111;-2,960277778;78,7369909531317;127;19,442200186832;59,3120132429994;59,2832745089445;"Ridge";13,0961746875142
28,60944444;-13,92638889;78,7415534725638;90;19,9300895338718;59,2891915314418;59,1903602539824;"Ridge";13,1768633091088
40,71666667;-2,766666667;79,4991292301396;146;19,860343392832;59,6667415194339;59,4920717329505;"Ridge";13,2572695576628
39,26888889;-2,605833333;79,6629946702791;180;16,8001668962059;62,9201907107066;62,9557623982729;"Ridge";13,3252864276879
41,70083333;-4,84;80,9455046262857;66;20,7671066015283;60,2227193187421;60,2681104407704;"Ridge";13,40936378235
42,53472222;-5,275;80,9553297861436;41;20,707549013603;60,433779183972;60,5323386984498;"Ridge";13,4932000131743
28,39583333;-14,08666667;81,3813122650018;92;21,8087977576589;60,1274066726087;60,0327785879202;"Ridge";13,5814947409381
40,29916667;-2,98;81,4999143042903;118;21,642305908876;59,8848325225215;59,8385490470123;"Ridge";13,669115412634
28,5325;-13,93194444;81,77685659792;91;25,7231609092647;56,4142507242197;56,2797836628922;"Ridge";13,7732577644933
26,51694444;83,8;81,8181818181818;231;73,9678478627388;8,1892588693919;8,80040218704895;"Ridge";14,0727227355975
35,18333333;59,38333333;81,8181818181818;232;30,6760239646353;51,438985441163;51,2392414691847;"Ridge";14,1969171646042
40,64083333;-2,841388889;81,9318360786209;156;22,085860213122;59,8812097686415;59,8874998013401;"Ridge";14,286333602714
39,61194444;-1,794722222;81,9318360786209;165;24,0280734709081;57,9421661423864;57,8190489110229;"Ridge";14,3836132523937
38,97388889;-3,343888889;83,3403345432697;182;19,1879304607443;64,5479928102832;64,4633210319127;"Ridge";14,4612971813846
41,53805556;-5,386666667;83,6750666334852;159;20,8623105578786;62,8887302061403;62,7030379973491;"Ridge";14,5457599771655
39,76055556;-3,163055556;83,6750666334852;166;21,3846776299717;62,3154522667641;62,3588532666469;"Ridge";14,6323376193921
39,35333333;-2,324722222;85,4182971883495;154;22,3633228773734;63,0820487761643;63,1035711438147;"Ridge";14,7228773881264
39,33333333;-1,716666667;86,2899124657816;153;22,168801498319;64,1710936684356;64,164735373588;"Ridge";14,8126296209131
39,51444444;-2,489444444;87,1615277432138;169;28,2524598118768;58,9475630134137;58,7619481036238;"Ridge";14,9270120493013
40,1425;-3,421111111;87,1615277432138;179;28,8383388455239;58,3441648450727;58,3657381967657;"Ridge";15,0437664575828
40,7;36,61666667;87,8787878787879;192;47,704364209271;40,2712416008541;40,2884646391135;"Ridge";15,2369015353531
38,96583333;-1,444166667;88,810984516506;151;33,5578348088386;55,3024477713467;55,3376858522843;"Ridge";15,3727632147411
39,56166667;-1,908611111;88,904758298078;152;30,1299450791392;58,794791754186;58,7545792944374;"Ridge";15,4947467980575
41,09361111;-5,559444444;88,904758298078;158;25,1574361342537;63,7770732298724;63,7860757130375;"Ridge";15,5965987662123
37,88;-1,708611111;88,904758298078;173;29,7880921011622;59,1606124708827;59,3337109670071;"Ridge";15,7171983293749
39,32472222;-2,269166667;90,378532276764;34;27,888519269466;62,5193966518392;62,5051343289052;"Ridge";15,8301073142716
39,72972222;-2,926388889;92,3912194078066;155;32,4156896018299;59,989578943748;59,96836690833;"Ridge";15,9613449239956
41,65361111;-4,721944444;92,3912194078066;160;37,8303278279426;54,7247035809406;54,7699573181285;"Ridge";16,114504145971
40,86722222;-1,935833333;94,1344499626708;157;34,0318816920045;60,1345571399557;60,1849778689179;"Ridge";16,2522850435095
43,91666667;5,13333333;0;239;38,0257263820207;37,0061240392189;35,8277168273926;"XGB";0,15395030923895
43,35694444;16,95027778;0;240;30,4351798841802;27,7588277156012;27,714376449585;"XGB";0,277169660996765
36,33305556;33,41333333;0;249;45,4127092015281;43,6119755158513;44,7480583190918;"XGB";0,461026783270158
25,18333333;85,51666667;0,454545454545455;227;32,7102081249611;30,8070778143712;31,6695518493652;"XGB";0,593456775678907
32,33333333;74,35;0,909090909090909;217;37,4038203322903;36,2507554398307;35,6908130645752;"XGB";0,74488924665984
37,079643;37,410987;0,909090909090909;243;47,3174607412526;46,9855111963609;47,550271987915;"XGB";0,936457913628474
37,823196;32,989336;1,81818181818182;244;48,1645306143634;48,4581863045692;51,3555335998535;"XGB";1,13145601328177
40,59194444;17,11527778;3,18181818181818;234;34,9403412487507;36,4974069843045;36,7140007019043;"XGB";1,2729148847342
41,54361111;22,54444444;3,63636363636364;210;35,5749983849606;37,5387077492637;37,9883613586426;"XGB";1,41694321827655
30,06666667;73,06666667;3,63636363636364;216;48,8113964216657;50,8969890717537;52,427074432373;"XGB";1,61456020783795
28,98333333;77,7;6,36363636363636;230;19,9908769643645;22,9753159594151;24,9418354034424;"XGB";1,69549493239003
19,51666667;-98,86666667;7,27272727272727;223;38,9114385149275;44,7830289335812;45,8194484710693;"XGB";1,85303112070958
36,3;30,15;9,09090909090909;238;29,2801229813903;33,9608077167705;33,2043533325195;"XGB";1,9715741287314
38,38333333;37,6;9,54545454545454;250;28,5878953888859;34,466040573558;32,1146812438965;"XGB";2,08731459589288
41,81194444;21,99472222;10;208;28,4851706010108;35,8472084384754;36,0953521728516;"XGB";2,20263917322491
11,5;39,6;13,6363636363636;209;41,917227289557;52,6806193987528;56,0164356231689;"XGB";2,37234454686684
42,33333333;-5,36666667;13,6363636363636;233;48,3973498701408;61,5849880242498;59,950855255127;"XGB";2,5682852346002
-36,6;-72,11666667;15,1515151515152;195;32,5075270049929;46,5392678034933;45,1444301605225;"XGB";2,69989465567305
35,28333333;47,18333333;16,3636363636364;219;23,8923024009532;36,388804041821;38,1600875854492;"XGB";2,79662462490768
37,18277778;-3,0625;16,7398057320468;112;22,9803929402919;36,1874994933605;33,6582813262939;"XGB";2,88966265300603
37,17722222;-2,947222222;16,8442826374179;105;30,2125679145091;45,2022246079479;44,5954627990723;"XGB";3,01198074172873
43,13472222;-8,931666667;16,8547595857661;128;36,7254236520901;52,9723251292248;53,064079284668;"XGB";3,1606666674457
42;47;18,1818181818182;202;21,4736022507042;37,0234291654238;37,3479385375977;"XGB";3,24760432837972
32,608304;51,749865;18,1818181818182;220;39,9168772030827;53,678206029928;60,0216255187988;"XGB";3,4092111186756
28;80;18,1818181818182;225;29,4383407148591;41,3235539213205;43,8164100646973;"XGB";3,52839468432281
39,53333333;67,88333333;18,1818181818182;252;15,3202603811747;31,1756290770196;30,1767320632935;"XGB";3,59042002999558
28,96027778;-13,55138889;20,6355990579496;143;34,6859819321715;54,0102626975926;52,2636432647705;"XGB";3,73084910664405
40,10888889;-3,387222222;23,5294117647059;177;45,9225204983091;68,914618844697;69,07763671875;"XGB";3,91677024226473
42,77416667;-5,943333333;23,9210374612756;100;26,9958964709775;50,2616605953294;50,0743560791016;"XGB";4,0260653696776
36,39;37,18;25,4545454545455;199;25,2099369767338;43,3399457666609;44,277925491333;"XGB";4,12812989185061
46,905304;-117,080171;25,4545454545455;222;16,426061256267;35,0007301377661;34,1134204864502;"XGB";4,19463216414319
38,2494;48,3014;27,2727272727273;203;16,9946778937435;36,4977751445103;35,5687408447266;"XGB";4,26343652808547
44,08333333;7,6;27,2727272727273;241;17,245498369657;21,4862460380147;16,3232574462891;"XGB";4,33325635954157
40,322625;36,569123;27,2727272727273;248;14,8805638076273;35,8533812561291;36,6711540222168;"XGB";4,3935015571433
37,56666667;41,06666667;27,2727272727273;251;26,0433112893822;48,5446941057841;50,0592880249023;"XGB";4,49894006438776
39,46666667;67,73333333;27,7272727272727;253;11,6283329040514;34,0955490671146;33,3210563659668;"XGB";4,54601833525437
34,6175;71,97138889;29,3939393939394;218;11,2725911801614;26,5837635467579;25,704044342041;"XGB";4,59165635622668
29,145027;71,27512;30,3030303030303;215;17,234551473859;27,7102853357792;22,1412963867188;"XGB";4,66143186826659
42,40944444;-4,175555556;30,896591209889;47;30,3007683686992;60,0614232363766;61,2252578735352;"XGB";4,78410704384837
39,63333333;22,41666667;35,1515151515151;191;16,8484590691504;42,0745765738291;42,0564289093018;"XGB";4,85231942874372
37,08333333;-5,5;35,2941176470588;181;16,8074715688103;48,4954073612507;49,5635318756104;"XGB";4,92036587234214
42,40694444;-4,902222222;35,2983183730206;183;33,7127613448263;68,5568922719648;68,6156692504883;"XGB";5,05685478466937
40,58805556;-1,789722222;35,3467440513165;72;19,1598358125999;53,2503494210795;54,1250801086426;"XGB";5,13442497014549
39,77111111;3,024444444;35,6888626108857;6;28,5754185447835;60,3613072903487;66,3842315673828;"XGB";5,25011492376809
-28,63333333;-53,1;36,3636363636364;224;13,6733064687327;40,7575729678136;42,514720916748;"XGB";5,30547243983584
32,994619;35,22434;36,3636363636364;236;23,269906893025;53,4665789940418;56,0348262786865;"XGB";5,39968258920031
37,62;35,86;36,3636363636364;237;13,2770662503773;33,0882236042688;32,8982925415039;"XGB";5,45343589385771
42,89305556;-5,763888889;37,8266125778946;56;13,8386039919946;50,9178029014951;50,3691520690918;"XGB";5,5094626306674
40,98944444;-6,865;38,0543664588735;141;19,584508162373;55,3399190617179;55,8975486755371;"XGB";5,58875213739766
28,05;79,11666667;38,1818181818182;229;29,6919778818312;9,6864775912515;6,78299188613892;"XGB";5,7089625741662
40,73611111;-1,617777778;38,8803309223134;73;14,7916801736001;49,5868071246621;51,8917770385742;"XGB";5,76884791899859
-37,88333333;-71,18333333;39,3939393939394;197;17,9776849801529;29,2816213160753;23,5281753540039;"XGB";5,84163206871581
40,19583333;-1,616111111;40,1604278074866;86;13,1651621953745;50,9242318603728;51,7590427398682;"XGB";5,89493232051895
42,82777778;-4,951388889;40,9506833036245;50;12,2619387999068;51,5854704796851;52,7038192749023;"XGB";5,94457579744165
42,80833333;-5,584722222;41,6515356472519;14;8,06520355608093;44,8274588300692;44,7489128112793;"XGB";5,97722844341768
42,29777778;-5,897777778;42,5902082273629;68;15,2401087724799;54,7485301714002;55,5700149536133;"XGB";6,03892928865039
40,68333333;-2,916666667;43,0168908272147;123;24,9211241447652;67,8113325292414;67,8793678283691;"XGB";6,13982452810288
28,56666667;-13,83333333;43,2049691065022;137;17,1489780703563;45,9115862569501;41,3492126464844;"XGB";6,20925358911647
41,37472222;-2,908333333;44,0765843839343;44;12,7030863719298;54,8214620453971;55,7710781097412;"XGB";6,26068308859797
48,33333333;-1,16666667;44,2424242424242;194;9,39322551690003;47,094295984904;47,9860668182373;"XGB";6,29871234170283
29,14527778;-13,49666667;44,405492258253;175;21,5344929039957;64,5765902201335;68,602897644043;"XGB";6,38589652350038
37,3225;-3,330555556;44,4982167262531;95;13,2164376795848;55,6501898169518;57,1020393371582;"XGB";6,439404368357
42,42555556;-0,661388889;44,622697563874;148;9,49884151410355;40,0339749612306;41,5578346252441;"XGB";6,47786121659224
41,40805556;-4,403055556;45,2414048045388;126;26,0955325708392;70,0953755532542;70,2314910888672;"XGB";6,58351114602883
41,66666667;26,56666667;45,4545454545455;184;20,7147711610924;32,2816887961017;30,4238758087158;"XGB";6,66737661631666
48,02863;0,332655;45,4545454545455;193;10,2059285912589;46,0451064141805;47,045280456543;"XGB";6,70869616526912
37,21666667;30,3;45,4545454545455;204;12,3707478763964;43,0877104634824;45,2914390563965;"XGB";6,7587801647687
38,25194444;-3,203888889;45,9135040179455;140;16,2184797114518;61,2339217613483;61,0031280517578;"XGB";6,82444202594867
42,98472222;-6,023611111;46,4229472598727;54;9,53231734903564;55,0701957323872;55,4738960266113;"XGB";6,86303440387999
41,0775;-5,611944444;46,5409337600484;62;13,0320826855974;58,2523469810026;57,776611328125;"XGB";6,91579587224273
42,95277778;-5,544444444;46,6207976032949;57;10,0619022830689;54,1737508265177;54,6812839508057;"XGB";6,95653231873289
42,33;-4,034166667;46,7245557113502;46;15,127916207067;60,109648212883;60,8317947387695;"XGB";7,017778943053
42,94305556;-5,722222222;46,7556438158039;107;7,46766922154198;52,0331527247573;52,3641471862793;"XGB";7,04801242168272
41,94305556;-4,506388889;47,6471217958447;93;20,4954845898265;67,1302177955364;67,1926574707031;"XGB";7,13099009208688
40,51916667;-2,879722222;47,8441127311037;117;14,8686215977747;62,3430523265492;60,6493453979492;"XGB";7,19118694066086
28,96666667;-13,71666667;48,3006588022828;104;14,8191526226662;61,0892566990208;61,1649303436279;"XGB";7,2511835099834
33,367793;35,874029;48,4848484848485;186;27,4175478763767;25,4709151948308;21,6995868682861;"XGB";7,36218572810638
31,75;-8,25;48,4848484848485;211;14,7938955440881;39,6032429385039;38,2429351806641;"XGB";7,42208004205006
41,07472222;-5,566944444;48,7930982091734;65;10,242800152372;56,971982536076;55,953685760498;"XGB";7,46354886857788
39,82416667;-2,767222222;48,9543323291001;19;19,1867243352182;66,8918420658555;66,1043891906738;"XGB";7,54122791446945
37,67083333;-4,236666667;49,4236482471777;131;14,9461587313679;62,0885836791992;63,1643810272217;"XGB";7,60173867856406
40,32361111;-3,108333333;49,8314226298508;84;24,4264026025882;73,7970214351531;73,98193359375;"XGB";7,70063099679316
37,30611111;29,77583333;50;206;16,5850495683175;39,956444791158;41,9333648681641;"XGB";7,76777694646246
41,06666667;-1,385833333;50,0297088532383;149;14,1467999481603;61,9752251727026;62,306713104248;"XGB";7,82505144017971
42,17277778;-0,005277778;50,1782531194296;150;6,72475193383129;50,8870065288179;50,7716789245605;"XGB";7,85227715651101
41,98611111;-5,403055556;50,2898304828347;142;14,2305881214896;63,1514984877793;62,7364845275879;"XGB";7,90989087360206
40,75138889;-1,806111111;50,7531824019053;71;15,268737574695;51,8951133201862;50,318920135498;"XGB";7,97170762491662
37,57305556;-3,503611111;50,9315900452846;136;7,24333359460228;49,3744455399052;50,1100578308105;"XGB";8,00103286214173
40,86444444;-2,724722222;51,455733808675;38;16,6817613907173;67,6579654790178;67,7021446228027;"XGB";8,06857035765071
33,544635;68,4106;51,5151515151515;189;21,957414138705;35,6126286050746;35,2718887329102;"XGB";8,15746677116773
39,28833333;-1,47;51,6176038396924;30;16,2137940724223;66,3571598264906;67,1415023803711;"XGB";8,2231096621492
42,09972222;-5,033055556;51,8742832077368;145;10,548593734027;61,6645778550042;60,8824863433838;"XGB";8,26581651937198
38,07055556;-3,306111111;51,8895460382689;110;9,21944152984127;59,6219194356133;59,4562892913818;"XGB";8,30314219358186
42,35083333;-5,383888889;51,9288093250562;69;17,7510124909002;67,530337738835;70,4986724853516;"XGB";8,37500864091344
39,81805556;-2,949166667;52,3661578407158;99;14,651447672368;65,2273577639931;64,8055877685547;"XGB";8,43432624282586
40,735;-2,833888889;52,4597436375508;115;13,5924661029139;65,3461269729439;65,6157035827637;"XGB";8,48935646996317
40,21138889;-3,190833333;53,42666061901;16;13,6529836002063;64,5024339997923;65,8509330749512;"XGB";8,54463170721096
42,96944444;-6,125;53,5145625455983;103;5,53901328434681;55,4109931207472;55,685676574707;"XGB";8,56705686220832
42,275;-5,058333333;54,1550794713512;52;18,7133306110141;72,4821684987921;72,6812324523926;"XGB";8,64281933431769
39,74194444;39,4925;54,5454545454545;185;16,0969639863501;49,8504753412691;52,189510345459;"XGB";8,70798922899927
40,91666667;32,08333333;54,5454545454545;205;20,1848249480789;37,3665936724345;38,1366729736328;"XGB";8,78970916806032
39,4;30,63333333;54,5454545454545;207;20,2065794656923;38,231984664637;39,7051849365234;"XGB";8,87151718209146
31,13333333;35,64083333;54,5454545454545;213;13,9192907789945;56,491137116296;60,3105049133301;"XGB";8,927870586055
49,98333333;16,95;54,5454545454545;242;29,5444468226196;27,0448408681924;25,5988502502441;"XGB";9,04748373108585
37,901623;40,155321;54,5454545454545;245;14,647278094404;51,5084229912728;51,7065238952637;"XGB";9,10678445211582
38,11027778;-3,085;54,5496552714164;11;5,31895368257557;56,4619580332438;55,8692302703857;"XGB";9,12831867755135
43,00694444;-5,683333333;55,157053147149;108;10,3818175572548;47,1759846335963;48,1629314422607;"XGB";9,17035032758072
41,01972222;-5,590277778;55,3475935828877;130;7,83914413205731;54,8786528982767;54,7082080841065;"XGB";9,20208775321658
42,88611111;-5,454166667;55,9965616247945;58;6,27752108589808;53,0134713008486;53,8079414367676;"XGB";9,22750281834168
42,33888889;-5,368055556;56,0864307820815;42;9,18320938733147;60,6663283595332;61,5276546478271;"XGB";9,26468180371549
36,94611111;-3,179444444;56,1174075711547;96;9,29814529192002;53,6364839760361;54,2917098999023;"XGB";9,30232611663824
39,20833333;-2,158055556;56,8033273915627;97;9,9189425204654;65,5790477564305;64,7768630981445;"XGB";9,34248377866442
40,00861111;-3,945555556;56,8760708628653;111;10,7983476616931;65,6197529208276;65,9603576660156;"XGB";9,38620178539192
40,03888889;-2,7375;56,9400720795457;18;6,0453476336166;54,7823093237466;55,133659362793;"XGB";9,410676877026
39,33333333;-2,266666667;56,9455471028643;35;28,879472540871;84,1306043854842;90,366569519043;"XGB";9,52759781848701
39,62722222;-1,943611111;57,397504456328;89;21,8563201151245;78,4746228081839;78,9842300415039;"XGB";9,61608494445918
42,60861111;-4,795555556;57,8847296494355;81;7,39023065579493;54,6173566930434;54,4337196350098;"XGB";9,64600490662839
39,26666667;-1,911666667;57,9570061258915;31;8,22086330115949;64,9099881535485;65,5637092590332;"XGB";9,6792877540015
42,13388889;-5,089166667;58,0952797231851;8;5,04022284139351;57,0981921332223;55,9780406951904;"XGB";9,69969351449297
37,49194444;-2,773611111;58,2932333248104;0;11,3580234858921;68,745582308088;68,6927680969238;"XGB";9,74567741524557
28,52666667;-13,99055556;58,4429794975192;138;19,8352893115501;76,4598258358615;79,4036636352539;"XGB";9,82598223027209
42,97333333;-4,923888889;58,7203535002832;59;10,1184235410075;50,2124567095018;49,7922821044922;"XGB";9,86694750776605
40,74527778;-1,735277778;58,8512428558808;70;8,83995716294292;52,9700393427431;53,3432693481445;"XGB";9,90273680802088
14,56666667;-90,73333333;59,0909090909091;200;37,684688977996;22,5948170006993;22,0224456787109;"XGB";10,0553063990249
44,22361111;20,31166667;59,0909090909091;212;36,740160371029;23,73899163209;22,9536247253418;"XGB";10,2040519875716
39,36666667;-1,7;59,2530124955911;22;8,1115679522366;64,6325410017327;64,723575592041;"XGB";10,2368923436535
40,95388889;-2,415277778;59,4473721106371;37;7,27294704432069;61,7333839170394;62,1807098388672;"XGB";10,2663374733876
39,35722222;-1,715;59,6605115230562;23;18,4996854244575;76,7751025429255;77,3502082824707;"XGB";10,3412349852275
42,46388889;-6,205555556;59,9205633173515;102;17,9813999388297;44,1153378700142;44,4823837280273;"XGB";10,4140341752633
40,14277778;-2,568888889;59,9241992051113;17;7,65713314615848;59,058794045154;60,2277526855469;"XGB";10,4450347143165
42,95;-5,983333333;59,9312868533099;55;17,4148209595586;43,322045918667;43,6111717224121;"XGB";10,5155400623309
38,96333333;-2,125;60,1148026131653;28;6,77154083147061;65,4051563209958;64,8616409301758;"XGB";10,5429552073976
43,00277778;-5,256944444;60,1676702130699;60;6,18405617198655;58,6582542445562;59,6809272766113;"XGB";10,5679918720615
39,92333333;-3,007777778;60,3022227530027;10;9,39264676106789;65,7199739832787;65,1763076782227;"XGB";10,6060187820254
40,82444444;-2,781111111;60,3172685717428;120;8,14869126134072;66,6903644588822;66,8740844726562;"XGB";10,6390094349053
40,92638889;-2,921111111;60,4936091682754;13;13,8682481671084;72,4239117722762;72,8076171875;"XGB";10,6951561886183
37,34388889;-3,785555556;60,589910891313;134;15,0040036018017;47,4859072448342;48,2202377319336;"XGB";10,7559011424717
41,065;-5,524166667;60,6049986915967;63;13,6941906644889;70,1726519910595;76,0870552062988;"XGB";10,8113432099393
40,51166667;-2,89;60,6369285056393;15;10,7038410810469;54,2246695111512;48,0944938659668;"XGB";10,8546785989314
40,62083333;-2,952777778;61,0088686942878;176;7,33103961593456;66,2180553511077;66,6025619506836;"XGB";10,8843589212631
42,87638889;-4,1125;61,0130694202496;170;6,49285521990818;57,9929378911069;59,8480129241943;"XGB";10,9106457845016
39,96138889;-3,498333333;61,2032085561497;79;11,647427189232;68,5444712575277;70,0031318664551;"XGB";10,9578013601665
38,88527778;-2,149722222;61,5231084481054;29;6,76827545062729;66,6048216942029;66,1557426452637;"XGB";10,9852032850678
39,06861111;-3,610277778;61,5801282080336;76;8,73159705192501;68,5514173827715;68,7182312011719;"XGB";11,0205538804198
37,35194444;-3,291944444;61,6096036876073;135;15,8797455197928;47,1210089730216;47,7106513977051;"XGB";11,0848443481112
39,525;-1,977222222;61,7593813464739;20;18,1076425348765;77,9847239039888;78,520133972168;"XGB";11,1581546417747
37,78694444;-5,27;61,7879051395403;1;16,2158978812868;49,8957668842714;51,1280746459961;"XGB";11,223806050201
40,93972222;-2,786111111;61,8570705016633;122;6,43397021502109;65,7354140376413;65,3384628295898;"XGB";11,24985451261
37,39583333;-2,61;61,9429590017825;113;7,20015799560025;64,3045990872545;65,0681991577148;"XGB";11,2790049498391
42,57666667;0,276388889;61,9429590017825;147;25,4044903374097;39,8076253858106;42,3705520629883;"XGB";11,38185713744
38,70277778;-2,602777778;61,9726678550208;87;9,90714507584942;69,1335062600352;68,9640045166016;"XGB";11,4219670365325
41,33166667;-5,080277778;62,0461114473171;7;10,6088183236508;59,1987990570068;58,5627021789551;"XGB";11,4649177180047
39,50027778;-1,897222222;62,1345378860382;21;9,08590255654434;67,5855283737183;68,0988807678223;"XGB";11,501702748598
38,63583333;-1,968333333;62,3724420856089;24;9,42665730923657;69,9277900749153;69,587272644043;"XGB";11,5398673530889
38,98805556;-4,114722222;62,5408700451806;78;5,39454940839686;62,6800940140434;63,0873680114746;"XGB";11,5617076340945
39,96638889;-4,300555556;62,5668449197861;80;14,1726443133431;75,4904442269462;75,8415679931641;"XGB";11,6190867608692
42,91666667;-5,001388889;63,0258034831862;109;8,86804481970549;55,7573436914488;55,9477252960205;"XGB";11,6549897763336
39,13666667;-1,675277778;63,0952797231851;88;4,90989412976555;60,5139406543888;60,816858291626;"XGB";11,6748678902193
39,2725;-2,318333333;63,339275103981;98;13,4864096773327;74,3004795098157;75,8557357788086;"XGB";11,7294687391154
41,2325;-5,494166667;63,458110516934;133;7,01951307970741;63,727818959554;64,6943473815918;"XGB";11,7578878204097
17,46666667;-97,23333333;63,6363636363636;201;36,3742280948451;29,8153050134056;27,200213432312;"XGB";11,9051519017654
36,7;67,1;63,6363636363636;214;38,3340324548314;28,6116501308349;25,6882848739624;"XGB";12,0603504137283
38,99722222;-1,854444444;63,7254901960784;49;5,22709290301638;66,2260390536886;66,3997650146484;"XGB";12,0815127331737
42,57166667;-5,059722222;63,8787019355607;51;8,70519128435848;61,4821810041155;61,1584873199463;"XGB";12,116756422584
38,61388889;-2,049722222;64,4953298040163;129;6,3767154191683;64,65841051299;64,6148529052734;"XGB";12,1425730842001
41,05;-2,1;64,4995305299781;162;17,768161387271;47,8342489332161;48,2063827514648;"XGB";12,2145089602619
42,90944444;-4,075833333;64,4995305299782;171;14,095078420111;52,7281111751694;54,7668762207031;"XGB";12,2715740550802
41,11527778;-5,572777778;64,7103164525675;64;17,0016569751015;78,3460574572599;80,4829978942871;"XGB";12,3404066744126
40,86972222;-2,8425;64,8430727974816;12;5,35408908543771;62,6085521722931;62,2606239318848;"XGB";12,3620831484427
42,29111111;-4,141944444;64,9975964027965;168;16,9877494403348;50,0418281290266;49,9009914398193;"XGB";12,4308594619663
38,71111111;-4,177777778;65,0462388770527;77;6,02153991881416;61,2855444532452;61,8043365478516;"XGB";12,4552381660911
40,54472222;-2,9575;65,2788804361976;74;7,47933953654208;69,8203082021078;70,3209571838379;"XGB";12,4855188929597
40,68833333;-2,884722222;65,4713938051816;125;6,7171220855844;62,7251154419723;62,2333488464355;"XGB";12,5127137192171
37,13388889;-3,82;65,6897751147721;139;14,2595716041917;52,7523487838539;53,27614402771;"XGB";12,5704447783434
39,25666667;-1,853055556;65,6938008104855;32;7,3696847594248;59,2842259407043;58,2555828094482;"XGB";12,6002815587459
40,63333333;-2,9;65,8038146346285;124;6,58107481066541;68,3433532425852;69,2889022827148;"XGB";12,6269255863194
42,25416667;-5,266666667;65,9536541889483;83;6,13531619716916;66,0399235935076;66,7521286010742;"XGB";12,6517649231501
40,88416667;-2,8175;66,250742721331;114;6,7317589431913;63,2527809143066;63,5289440155029;"XGB";12,6790190079403
42,07833333;-3,912777778;66,3459369963239;45;18,9180453037375;50,0264889872666;49,6683006286621;"XGB";12,7556102844737
40,90361111;-2,913055556;66,5961285122037;36;5,29368070770079;66,539841410319;66,2826309204102;"XGB";12,7770421901729
42,95138889;-6,070833333;66,650516951919;53;20,588373350536;46,7532911242152;47,048038482666;"XGB";12,8603959284341
38,62194444;-2,026388889;66,6754299120606;25;9,82448115810258;59,9630887095133;60,1710033416748;"XGB";12,9001711557949
40,16888889;-3,271111111;68,6757774105904;144;12,2292807011406;59,1095767578521;58,2274627685547;"XGB";12,9496824136942
42,35694444;-5,209166667;68,6974464446496;67;10,7954520649635;59,8931411950767;59,8877716064453;"XGB";12,9933886973581
41,24305556;-2,731111111;68,9363283269557;85;8,49927607379054;67,4898760477702;69,4012603759766;"XGB";13,0277987219483
43,15222222;-4,916111111;69,0318460738285;39;19,3517965870046;52,2171694388756;54,6613140106201;"XGB";13,1061460765516
37,71944444;-2,536388889;69,2004490636486;94;6,52306830598481;64,8393893555133;64,2962112426758;"XGB";13,1325552599766
29,09666667;-13,47;69,2871134669122;174;22,6279242370997;47,5553113763983;44,4560852050781;"XGB";13,2241662892766
40,75833333;-2,868888889;69,5916934225073;119;11,48804261905;59,3013581015847;59,4101028442383;"XGB";13,2706765832809
-33,45;-70,66666667;69,6363636363636;198;20,0384045087917;54,2496886992119;54,7623119354248;"XGB";13,3518037270411
42,21333333;-5,204722222;69,8339851112617;9;10,6700966152209;60,4318743009825;60,154878616333;"XGB";13,3950024987627
38,72222222;-1,91;70,3296188603672;27;5,32552118494642;67,7404217216539;67,9648742675781;"XGB";13,4165633132766
28,79722222;-17,75861111;70,9403481773063;2;18,1327693436879;55,3448726654053;58,3418197631836;"XGB";13,489975334911
38,75194444;-1,9525;71,4580885360922;26;6,8782759922798;66,8268254789195;66,6834335327148;"XGB";13,5178226061348
42,37222222;-5,031944444;71,4724527494353;161;12,1894397524103;62,011422475179;63,3682479858398;"XGB";13,5671725646466
40,50305556;-2,942777778;72,045128149133;116;7,87987732971884;66,3629050191244;66,7698936462402;"XGB";13,5990749020139
42,275;-5,433333333;72,2849655034185;43;18,95655316858;54,6337688577586;55,9846229553223;"XGB";13,675822080834
42,22166667;-4,855555556;72,4086512418932;4;17,0405334139613;56,6682247693026;57,4267807006836;"XGB";13,7448120946557
33,76062;35,885183;72,7272727272727;187;42,3961101250941;32,6733812762767;33,2480621337891;"XGB";13,9164562652027
38,217972;37,203332;72,7272727272727;188;34,7293121271505;39,836612815099;41,5616874694824;"XGB";14,0570607677418
9,5833;41,8667;72,7272727272727;190;48,9680842314563;25,0932883443059;23,4670190811157;"XGB";14,2553121209055
31,81666667;35,03333333;72,7272727272727;235;38,4655494977338;35,6867407772639;36,4487915039062;"XGB";14,411043090532
37,44;41,03;72,7272727272727;246;42,8750799659482;31,3042440686907;30,1967620849609;"XGB";14,5846264102322
37,41666667;41,38333333;72,7272727272727;247;30,3070390223688;46,3835660072222;50,314811706543;"XGB";14,7073269730758
40,745;-3,031388889;72,9385019312442;121;20,2227236826914;54,5861865834492;54,8472366333008;"XGB";14,7892003483094
41,82083333;-4,176388889;73,0872795711001;40;14,486823257243;59,3295702867105;59,5363578796387;"XGB";14,847851454614
42,4925;-4,603055556;73,2156833042995;5;27,5788674738279;46,7795117118142;47,4754161834717;"XGB";14,9595067885161
39,72222222;2,913055556;74,331550802139;132;37,9573035788445;38,3756404912697;37,5123405456543;"XGB";15,1131800823576
40,94527778;-2,725;74,5231062204477;163;6,61750131166695;69,1998642430161;69,6091461181641;"XGB";15,1399715856437
42,32166667;-5,019166667;74,5692216280452;82;26,5425643806062;51,5220805988755;53,3007335662842;"XGB";15,247431360464
42,39027778;-5,390277778;74,9589138591638;172;23,0849674785977;52,6867376515563;52,333797454834;"XGB";15,3408927672599
39,115;-1,996666667;75,7938832833242;33;13,6282388344265;62,6168461629789;62,0221939086914;"XGB";15,3960678232697
39,46972222;-3,5325;76,7021444140281;167;8,44912835968186;71,152167264153;71,540111541748;"XGB";15,4302748206774
37,76888889;-3,956666667;77,2565775579797;3;25,9242942874144;53,0468645036591;54,6200752258301;"XGB";15,5352314777114
40,53166667;-3,030833333;77,8332688759129;75;16,5745592257256;63,117199337867;63,9176940917969;"XGB";15,6023349563581
41,04388889;-5,534166667;78,0804672781095;48;18,786480790386;59,6418895232372;60,6047534942627;"XGB";15,6783935830398
42,295;-5,518888889;78,2769704752677;61;14,7417949213069;65,0745044708252;65,0877456665039;"XGB";15,738076963288
40,95027778;-3,0875;78,4453749688924;164;10,3544876933262;69,7574834823608;69,1447448730469;"XGB";15,779997966095
40,46361111;-2,960277778;78,7369909531317;127;18,3713991622763;60,9935088634491;61,4339427947998;"XGB";15,8543761003552
28,60944444;-13,92638889;78,7415534725638;90;12,7229308653162;69,5339292887769;71,2073135375977;"XGB";15,9058859419152
40,71666667;-2,766666667;79,4991292301396;146;11,6002940134189;69,0980944187521;68,6775512695312;"XGB";15,952850695006
39,26888889;-2,605833333;79,6629946702791;180;13,7073724301597;67,3663468179823;66,3582572937012;"XGB";16,0083461299459
41,70083333;-4,84;80,9455046262857;66;17,5798296335777;64,5454640031672;64,4545974731445;"XGB";16,0795195292721
42,53472222;-5,275;80,9553297861436;41;27,2415084589173;54,9298228172407;55,1990070343018;"XGB";16,189809037203
28,39583333;-14,08666667;81,3813122650018;92;15,8384280485512;68,5189542339694;67,2173919677734;"XGB";16,2539322276829
40,29916667;-2,98;81,4999143042903;118;9,4302700292884;75,181933903194;75,0135498046875;"XGB";16,2921114585707
28,5325;-13,93194444;81,77685659792;91;18,9215487255753;64,3232935206095;63,9883117675781;"XGB";16,3687169189982
26,51694444;83,8;81,8181818181818;231;63,0079211292802;19,2048331778019;18,9726581573486;"XGB";16,6238097170924
35,18333333;59,38333333;81,8181818181818;232;64,9180563100965;17,9591799937649;16,4349336624146;"XGB";16,8866358559997
40,64083333;-2,841388889;81,9318360786209;156;18,7301863632185;63,541949622065;64,0396728515625;"XGB";16,9624665700208
39,61194444;-1,794722222;81,9318360786209;165;14,1220162618259;69,2151128620121;69,6380844116211;"XGB";17,019640724927
38,97388889;-3,343888889;83,3403345432697;182;17,7138790730776;66,6368510372989;66,872184753418;"XGB";17,0913568345346
41,53805556;-5,386666667;83,6750666334852;159;14,1559257167809;70,5833660380046;70,8537178039551;"XGB";17,1486682746835
39,76055556;-3,163055556;83,6750666334852;166;12,717105015684;72,6110714690326;73,4577140808105;"XGB";17,2001545298077
39,35333333;-2,324722222;85,4182971883495;154;9,63008994808159;78,3126078655845;78,827880859375;"XGB";17,239142748221
39,33333333;-1,716666667;86,2899124657816;153;23,947205517012;62,6610918768521;62,3125381469727;"XGB";17,3360949972777
39,51444444;-2,489444444;87,1615277432138;169;26,9542220890697;60,7449940867808;60,4132385253906;"XGB";17,4452214024966
40,1425;-3,421111111;87,1615277432138;179;29,0612152697805;58,6186564345109;59,5296955108643;"XGB";17,5628781444796
40,7;36,61666667;87,8787878787879;192;43,5042301736777;45,5110995921683;46,5202522277832;"XGB";17,7390086310127
38,96583333;-1,444166667;88,810984516506;151;30,7930114827262;59,2222614463853;59,8327484130859;"XGB";17,8636766936958
39,56166667;-1,908611111;88,904758298078;152;23,2014967199282;66,3041681217242;66,0130500793457;"XGB";17,9576098787967
41,09361111;-5,559444444;88,904758298078;158;23,9151625150483;65,3334812701949;64,7145004272461;"XGB";18,0544323991005
37,88;-1,708611111;88,904758298078;173;24,4600551211521;65,1600161465732;65,1106719970703;"XGB";18,1534609623441
39,32472222;-2,269166667;90,378532276764;34;30,4667256354961;60,6358764886856;56,9563293457031;"XGB";18,2768080296943
39,72972222;-2,926388889;92,3912194078066;155;31,3712585715488;61,3531901392443;60,6539268493652;"XGB";18,4038171737086
41,65361111;-4,721944444;92,3912194078066;160;32,4738233003432;60,8604444347837;61,6999282836914;"XGB";18,5352901425359
40,86722222;-1,935833333;94,1344499626708;157;31,7038543341109;62,7044024010227;63,3228168487549;"XGB";18,6636458280991
